-- MySQL dump 10.13  Distrib 5.5.58, for debian-linux-gnu (x86_64)
--
-- Host: localhost    Database: madisonpiercing
-- ------------------------------------------------------
-- Server version	5.5.58-0+deb8u1

/*!40101 SET @OLD_CHARACTER_SET_CLIENT=@@CHARACTER_SET_CLIENT */;
/*!40101 SET @OLD_CHARACTER_SET_RESULTS=@@CHARACTER_SET_RESULTS */;
/*!40101 SET @OLD_COLLATION_CONNECTION=@@COLLATION_CONNECTION */;
/*!40101 SET NAMES utf8 */;
/*!40103 SET @OLD_TIME_ZONE=@@TIME_ZONE */;
/*!40103 SET TIME_ZONE='+00:00' */;
/*!40014 SET @OLD_UNIQUE_CHECKS=@@UNIQUE_CHECKS, UNIQUE_CHECKS=0 */;
/*!40014 SET @OLD_FOREIGN_KEY_CHECKS=@@FOREIGN_KEY_CHECKS, FOREIGN_KEY_CHECKS=0 */;
/*!40101 SET @OLD_SQL_MODE=@@SQL_MODE, SQL_MODE='NO_AUTO_VALUE_ON_ZERO' */;
/*!40111 SET @OLD_SQL_NOTES=@@SQL_NOTES, SQL_NOTES=0 */;

--
-- Table structure for table `admin`
--

DROP TABLE IF EXISTS `admin`;
/*!40101 SET @saved_cs_client     = @@character_set_client */;
/*!40101 SET character_set_client = utf8 */;
CREATE TABLE `admin` (
  `id` tinyint(3) unsigned NOT NULL AUTO_INCREMENT,
  `login` varchar(30) NOT NULL,
  `mdp` varchar(30) NOT NULL,
  `name` varchar(50) DEFAULT NULL,
  PRIMARY KEY (`id`)
) ENGINE=InnoDB AUTO_INCREMENT=3 DEFAULT CHARSET=utf8;
/*!40101 SET character_set_client = @saved_cs_client */;

--
-- Dumping data for table `admin`
--

LOCK TABLES `admin` WRITE;
/*!40000 ALTER TABLE `admin` DISABLE KEYS */;
INSERT INTO `admin` VALUES (1,'madison','madison33','administrateur'),(2,'admin','admin335','ico');
/*!40000 ALTER TABLE `admin` ENABLE KEYS */;
UNLOCK TABLES;

--
-- Table structure for table `contact`
--

DROP TABLE IF EXISTS `contact`;
/*!40101 SET @saved_cs_client     = @@character_set_client */;
/*!40101 SET character_set_client = utf8 */;
CREATE TABLE `contact` (
  `id` int(10) unsigned NOT NULL AUTO_INCREMENT,
  `firstname` varchar(250) DEFAULT NULL,
  `name` varchar(250) DEFAULT NULL,
  `adresse` varchar(250) NOT NULL,
  `cp` varchar(10) NOT NULL,
  `ville` varchar(100) NOT NULL,
  `email` varchar(250) DEFAULT NULL,
  `tel` varchar(50) DEFAULT NULL,
  `message` text,
  `newsletter` tinyint(4) NOT NULL DEFAULT '0',
  `fromgoldbook` tinyint(4) NOT NULL DEFAULT '0',
  `fromcontact` tinyint(4) NOT NULL DEFAULT '0',
  PRIMARY KEY (`id`)
) ENGINE=InnoDB AUTO_INCREMENT=203 DEFAULT CHARSET=utf8;
/*!40101 SET character_set_client = @saved_cs_client */;

--
-- Dumping data for table `contact`
--

LOCK TABLES `contact` WRITE;
/*!40000 ALTER TABLE `contact` DISABLE KEYS */;
INSERT INTO `contact` VALUES (12,'','sss','','','','sss@oo.fr','','sss',1,0,1),(13,'','test','','','','test@orange.fr','','test',0,1,0),(14,'','xavier','','','','fjavi.gonzalez@gmail.com','','Prise en charge super. Zéro douleur, super hygiène, très pro je recommande chaudement ! ',1,1,1),(15,'','xavier','','','','xavier.gonzalez@free.fr','','Un conseil top, très à l\'écoute, très satisfait.',1,1,1),(16,'','xav','','','','xavier@gonzalez.pm','','teste de message',1,0,1),(17,'','Mathilde Feutry ','','','','mfeutry@yahoo.com','','Bonjour, \r\nPour deux piercings hélix, il faut prendre rendez-vous ? ',0,0,1),(18,'','Constance','','','','constance.cugneau@live.fr','','En un seul mot: super! Tout y est l\'accueil agréable, le suivi, les bons conseils, le sourire, la passion visible... J\'adore et je ne vais me percer que la bas, j\'ai entièrement confiance et c\'est toujours mieux de faire un tel acte quand on a confiance et quand on sait qu\'on ne sera pas juger pour nos craintes ou autre. Merci à vous! :D',0,1,0),(19,'','Camille','','','','camouille4910@gmail.com','','Tres pro , accueillante , salon au top  hygiénique , aucun problème au niveau du perçage , rapide efficace aucune infection ou autre , les prix sont très attractif. ',0,1,0),(20,'','Leo','','','','leo.perny@hotmail.fr','','Accueil agréable, toujours une dose de sourire de bon conseil, le pressage ce passe très et l\'hygiène est au rendez-vous, un large choix de bijoux, les numéros 1 du piercing à Bordeaux!',1,1,0),(21,'','Chevaillier Mélanie ','','','','mel.chev@hotmail.fr','','Bonjour, \r\nje me suis fais un piercing à l\'helix il y a environ 4 mois et je serais bien tentée d\'en refaire un un peu plus bas proche de mon premier. Pouvez vous me dire si il y a des contre-indications à en refaire un maintenant vis à vis de la cicatrisation de mon premier qui me semble pas tout à fait terminée ou si il n\'y a pas de risque à en refaire un autre? \r\nMerci pour vos réponses :) \r\nBonne soirée ! \r\n ',0,0,1),(22,'','Hannah Thomas','','','','hannahlt8@gmail.com','','Bonjour,\r\nJ\'envisageais de me faire percer les deux tétons, mais  le problème est qu\'ils sont ombiliqués donc il ne sortent jamais. J\'ai lu sur internet que les faire percer pouvait les faire sortir, est-ce que vous seriez capables de me les percer? \r\nMerci beaucoup, cordialement\r\nHannah Thomas',0,0,1),(23,'','Gautriaud Coralie ','','','','coralie_gautriaud@hotmail.com','','Bonjour \r\nFaut-il prendre rdv pour un piercing?\r\nMerci d\'avance ',0,0,1),(24,'','Thevenot marylou','','','','marylou.thevenot@yahoo.com','','Bonjour, \r\nJ\'aimerais savoir à quel prix est le piercing du tragus s\'il vous plaît ? Car sur le site il y a indiqué \"à partir de 30 euros\" donc le prix varie selon quel critère s\'il vous plaît ? \r\n\r\nD\'avance merci, \r\nMarylou',0,0,1),(25,'','RAUD Melanie','','','','raudm@culligan.fr','','Bonjour,\r\nJe vous propose aujourd’hui un concept de fontaine à eau qui, je pense, pourrait-être intéressant pour votre société.\r\nPourriez-vous me donner vos disponibilités afin que nous nous rencontrions ?\r\nJ’affinerai ensuite le devis qui vous correspond.\r\nJe vous remercie et vous souhaite une excellente journée.\r\nJe reste à votre disposition au 06.27.74.35.86.\r\n\r\nCordialement,\r\nMélanie RAUD\r\nConseillère commerciale BTB\r\nMail : raudm@culligan.fr\r\nTel : 06.27.74.35.86\r\n',0,0,1),(26,'','Bonnaffoux Camille ','','','','camille.bonnaffoux@yahoo.fr','','Bonjour, \r\nFaites vous le perçage d\'oreille pour bébé (8mois), si oui à quel prix?\r\n\r\nMerci',0,0,1),(27,'','Mélissa LEAL','','','','meliss.leal@gmail.com','','Bonjour,\r\nJe m\'étais faite percer les lobes d\'oreille chez vous il y a deux ans environ et aujourd\'hui j\'aimerais me faire percer le nombril.\r\n\r\nJ\'ai cependant un renseignement à vous demander : j\'ai été opérée de l\'appendicite, et j\'ai une cicatrice sur la partie basse du nombril (c\'est à dire pas là où ça sera percé). Est ce que cela pose problème? La partie haute, quant à elle, est intacte.\r\n\r\nMerci pour votre réponse.\r\n',1,0,1),(28,'','Castera Marie ','','','','marie.mcastera@hotmail.fr','','Bonjour, j ai 17ans et je souhaiterais savoir si je suis obligée de venir avec l un de mes parents pour me faire un piercing ( hélix) ou je peut venir avec un mot d eux m autorisant à m\'en faire un? \r\nMerci, passée une bonne journée.',1,0,1),(29,'','Reymond Mégane ','','','','megane.reymond@hotmail.com','','Bonjour,\r\nJe souhaiterais me faire un piercing à l\'helix, dois-je prendre un rendez-vous ou cela n\'est-il pas nécessaire ? Je ne passerai lundi si cela est possible.\r\n\r\nBonne soirée\r\nMégane Reymond ',1,0,1),(30,'','Marion','','','','marion.dusard@laposte.net','','Les filles sont super, à l\'écoute et attentive au bien être de celui ou celle qui entre dans son studio. Je ne changerai pour rien au monde!',1,1,0),(31,'','Ben Mohamed Imane','','','','benmohamed.imane1@gmail.com','','Bonjour, je n\'arrive pas à sortir mon piercing situé au trapus, il s\'agit d\'une barre avec une boule. Je voulais savoir combien vous prenez pour me le retirer svp ?\r\n\r\nCordialement',0,0,1),(32,'','CHIGNAT aurelie','','','','auchidachi@hotmail.fr','','Bonjour je suis venue avec ma fille samedi matin pour deux perçages nez et tragus impeccable . Voilà ma question pour un perçage micro dermique au dessus de la poitrine est ce douloureux est ce l acte est long car j aurai jamais du regarder des vidéos sur le net..., merci de vos réponses cdt et bonne journée Aurélie ',1,0,1),(33,'','Marie Bassan','','','','bassan.marieb@gmail.com','','Bonjour quel est le prix pour se faire piercer le Smiley ?\r\nMerci ',0,0,1),(34,'',' Léglise Léa','','','','leamayleen@live.fr','','Bonjour, je vous envoie ce message pour un renseignement. Je voudrais savoir si sur mineur de 15 ans avec présence d\'un tuteur légal vous percez? Ce serez pour un piercing au nombril. \r\nMerci d\'avance.',1,0,1),(35,'','Albert Alizée','','','','alizee.marine@hotmail.fr','','Madame, Monsieur,\r\nBonjour, je me permets de vous envoyer ce message parce que j\'aimerais avoir un peu plus d\'informations au sujet des piercing au niveau du cartilage. J\'aimerais tout d\'abord le prix que vous faite pour les piercing à cet endroit, et si différents choix de piercing sont disponibles dans votre magasins ? \r\nCeci serait mon tout premier piercing alors je n\'y connais pas grand chose.. Je compte venir vous voir dans la journée du lundi, mais je préfère me renseigner avant. De plus, faut-il prendre un rendez-vous ? \r\nMerci pour votre lecture et à bientôt.',1,0,1),(36,'','Lea Fournasson','','','','lea.fournasson@gmail.com','','Bonjour,\r\n\r\nJ\'aimerais me faire percer la langue fin août car je rentre de vacances le 26. Cependant je pars quelques jours (environ 5)plus tard pour Grenoble et je me demandais si c\'était un délai suffisant car il me semble qu\'il faut raccourcir le piercing quelques jours après? \r\n\r\nMerci d\'avance, \r\nCordialement,\r\n\r\nLea Fournasson',0,0,1),(37,'','Lucie Puygrenier ','','','','lucie.puygrenier@gmail.com','','Premier piercing aujourd\'hui. Très à l\'écoute, conseils super,  explication des soins et de tous ses gestes. Je saurais où faire le prochain',1,1,0),(38,'','Soulard Carla','','','','like.dancing@hotmail.fr','','Bonjour, je voulais savoir si l\'on pouvait venir dans votre salon sans prendre de rendez-vous. Ce serait pour un piercing hélix, et une amie ferait le même ! Merci',0,0,1),(39,'','Mélissa BELLIDO','','','','bellido_melissa@live.fr','','Bonjour, j\'aimerais savoir à combien vous faites le piercing au rook? Je suis allée voir dans vos tarifs mais il y a deux (il me semble) prix pour le \"replis du cartilage\"\r\nMerci d\'avance pour votre réponse bonne journée! ',0,0,1),(40,'','Siad Pamela','','','','pamelasiad@gmail.com','','Bonjour, je souhaiterai me faire piercer le capuchon (piercing hood je crois). J\'aurais aimé connaitre le tarif, la durée de cicatrisation, savoir si un ami pourrait être présent et savoir si je devais prendre rdv (disponibilités éventuellement la semaine prochaine). \r\nMerci beaucoup.\r\nPam',0,0,1),(41,'','Pauline Allard','','','','allard.pmc@gmail.com','','Bonjour, je suis venue le 16/09 pour un piercing aux lobes. Tout se passe bien, la cicatrisation se déroule parfaitement (pas de gonflement, ni de rougeur, impeccable). J\'aurai voulu connaître les dimensions de la barre que vous posez, pour préparer le changement de bijou dans quelques mois. Serait-il possible de me donner la longueur de celle-ci et le diamètre des petites billes ? Merci encore et bonne journée.',1,0,1),(42,'','Elise','','','','elise.meirinhos@gmail.com','','J\'ai fais le pas vers les piercings il y a un an,  dans ce salon et j\'ai eu une parfaite écoute,  un service exemplaires et j\'ai pu revenir pour des conseils mais aussi pour me faire changer le piercing,  l\'hygiène aussi est parfaite ',1,1,0),(43,'','LAura','','','','lau177@hotmail.fr','','Bonjour,\r\n\r\nJ\'aurai voulu avoir des renseignements sur le piercing sur téton. Si plus tard on veut allaiter est ce possible? Puis je avant mettre de l\'EMLA? Et ensuite,  savoir s\'il y avait possibilité de prendre rendez vous pour demain? \r\n\r\nMerci beaucoup ',0,0,1),(44,'','LAVAIL Margaux','','','','margaux_lv@hotmail.com','','Bonjour, je souhaite me faire percer l\'hélix droit, faut il prendre un rendez vous ? \r\n\r\nCordialement. ',0,0,1),(45,'','Flora Dassy','','','','Flora.dassy@gmail.com','','Bonjour,\r\nJ\'aurais aimé savoir quels étaient les prix pour un tragus et un helix s\'il vous plaît? J\'ai vu que c\'était écrit \"à partir de\" j\'aurais aimé savoir quelles étaient les conditions? \r\nMerci par avance.\r\nFlora Dassy. ',0,0,1),(46,'','Manon Cheron ','','','','manon.cheron@gmail.com','','Bonjour j\'ai deja les oreilles percées mais j\'aimerai me faire les deuxièmes et troisièmes trous des deux côtés il y a til un prix ? Peut on en faire deux à côtés en même temps ? ',0,0,1),(47,'','Eva','','','','eva82000@hotmail.fr','','Voilà 5 mois que je connais ce fabuleux salon remplit de gentillesse par deux propriétaires topissimes ! Je me suis décidée à faire mon piercing au tragus à Madison Piercing et je me dit que j\'ai bien fait ! J\'ai rarement vu une telle attention et une telle écoute auprès des clients ! Je recommande à tous ceux qui veulent se faire percer d\'aller là-bas ! Les mesures d\'hygiène à suivre à la maison nous sont super bien expliquées avec en plus un rendez vous 1 mois après le perçage pour voir l\'évolution de la cicatrisation ! Bref PARFAITISSIME ',1,1,0),(48,'','Céline Coulombel','','','','celarno24@gmail.com','','Bonsoir \r\nJe souhaite connaître votre tarif pour un piercing génital sur le capuchon du clitoris. Je souhaite avoir aussi des infos sur les étapes à suivre : piercing, soins, contrôle.\r\nMerci d\'avance\r\nCordialement,\r\nCéline Coulombel ',0,0,1),(49,'','Alice DENIS','','','','alice.sdenis@wanadoo.fr','','Bonjour,\r\nJe souhaiterais me faire un piercing à la base du cou (dans le petit creux où se rejoignent les clavicules). Que conseillez-vous entre microdermal et micropiercing et quels sont vos tarifs pour ces deux méthodes (bijou avec strass) ?\r\nMerci, ',0,0,1),(50,'','Mélisande SOUVETON ','','','','zykl0n3x@gmail.com','','Bonjour à vous ! J\'ai récemment découvert un piercing nommé Dolphin bites, j\'aurai souhaité savoir s\'il était possible de m\'en faire un avec des anneaux. Et également quel est le prix pour ledit piercing.\r\n\r\nMerci d\'avance !\r\nMélisande ',1,0,1),(51,'','Ilona Dasque','','','','Dasqueilona@gmail.com','','Bonjour , j\'aurai aimé savoir votre tarif concernant un piercing au nez car je la page ne s\'affiche pas lorsque je veux accéder à vos prix ! Merci ',1,0,1),(52,'','Gallais laura ','','','','gallais.laura@laposte.net','','Bonjour je me suis f1ite percer chez vous samedi donc hier en bas à droite de la lèvre et il m\'arrive de saigner plusieurs fois dans la journée je voulais savoir si c\'était normal ? \r\nMerci',1,0,1),(53,'','ELODIE D','','','','dumondel.elodie@orange.fr','','Bonjour, je souhaiterai me faire percer le nez. Est-ce possible d\'avoir un anneau pour bijou dès le perçage?\r\n\r\ncdt',0,0,1),(54,'','K\'bidi Sandrine','','','','kbidi.sa@gmail.com','','Bonjour, \r\nJe me suis fais percer la langue le 20 Octobre. Je voulais savoir si jeux continuer le bain de bouch même après 1 semaine ? Car j\'ai racheté une bouteille j\'en avais plus, mais du coup elle est pleine elle aura servie que 5 jours. Donc je voulais savoir si je pouvais continuer pour utiliser la bouteille un peu plus. \r\n\r\nVoilà merci. ',0,0,1),(55,'','Eugénie LEENHARDT','','','','leenhardt.e@gmail.com','','Bonjour, \r\nAvez vous de la place pour faire trois petits piercings sur mon oreille gauche aujourd\'hui samedi 5 novembre 2016. \r\n\r\nCordialement, \r\n\r\nEugénie',0,0,1),(56,'','Elisa Catino','','','','elisacatino@hotmail.fr','','Bonjour, je me suis fais piercer un double hélix hier après-midi, et j\'ai l\'impression que l\'anneau du bas et moins épais que celui du dessus. Est-ce normal ? Merci d\'avance :)',0,0,1),(57,'','Alexandre JOFFRE','','','','alexjoffre@orange.fr','','Bonsoir, \r\nJe souhaite depuis un moment me faire percer la langue et j\'ai décidé de franchir le pas ! Je compte venir Mercredi 16 Novembre aux alentours de 18h. C\'est ma meilleure amie qui m\'a diriger vers votre salon et d\'après ce que j\'ai vu rien que sur le site j\'avoue être assez conquis et serein ! Est ce qu\'il est possible de prendre de l\'homéopathie afin d\'éviter que ma langue ne gonfle trop, car étant commercial je parle toute la journée ! Dans l\'attente d\'une réponse de votre part je vous dit à Mercredi ! \r\nMerci d\'avance \r\nCordialement, \r\nAlexandre JOFFRE',1,0,1),(58,'','Allard Mélanie','','','','melanie.allard@ymail.com','','Bonjour,\r\nJ\'aimerais savoir si c\'est possible de ce faire, le lobe de l\'oreille et le cartilage au même rendez vous ? ',0,0,1),(59,'','Rebut rachelle ','','','','rachelle.rebut@gmail.com','','Bonjour , je souhaiterai me faire un persing a hélix (oreille). Doit je prendre rendez vous ? Si oui est ce possible lundi ou mardi soir ? \r\nCordialement ',0,0,1),(60,'','Yassa,Djena','','','','djenayass@hotmail.fr','','Bonjour je souhaiterais prendre rendez vous pour un percing helix sur mineure, le vendredi 18 octobre à entre 17h et 18h si possible \r\nMerci bonne journée ! ',1,0,1),(61,'','Ormeno Roa Fernanda','','','','fernormer@outlook.fr','','Bonjour, je voulais savoir si je pouvais me faire percer les lobes (donc un dans chaque oreille) en même temps? Car je me souviens qu\'au cartillage il ne faut en faire qu\'un sinon c\'est trop.\r\nMerci beaucoup!',0,0,1),(62,'','Virieux Cécile ','','','','virieuxcecile@gmail.com','','Bonjour,\r\n\r\nJe vous envoie cet email pour vous demander quelques informations. Je me suis faite percer la langue chez vous le 11 novembre, et je n\'ai pas eu aucune complication ni gonflement excessif etc. \r\nCependant,  je souhaiterai savoir s\'il serai possible a l\'heure d\'aujourd\'hui de pouvoir changer la taille de la barre, car c\'est ça qui me gêne vraiment le plus, pour manger ou autres. J\'ai la langue fine. Je n\'ai plus aucune douleur aujourd\'hui, la prothèse qui est vraiment très grande me gêne beaucoup. Si la réponse est positive, je passerai à votre boutique dans les plus brefs délais pour que vous me conseillez sur le choix d\'une nouvelle barre.  \r\n\r\nDans l\'attente de votre réponse,\r\nCordialement. ',0,0,1),(63,'','Amaïa Dubet','','','','amaiadubet@orange.fr','','Bonjour, \r\nJ\'aimerais venir me faire percer dans votre salon. \r\nJ\'aimerais savoir si il fellais prendre rendez-vous a l\'avance? \r\nEt j\'aimerais aussi savoir, je suis mineure (16 ans ) j\'aimerais me faire percer 2 trous au lobes es-que je doit venir avec une autorisation parentale ? \r\nMerci beaucoup, \r\nBonne journée a vous. ',1,0,1),(64,'','Inès Bunisset','','','','ines.bunisset@gmail.com','','Bonsoir,\r\nJ\'aurais voulu connaître vos tarifs pour un piercing aux deux tétons ! \r\nJ\'aurais également voulu savoir quels sont les délais pour obtenir un rendez vous !!!\r\nJe vous remercie.\r\nCordialement. \r\nInès Bunisset',0,0,1),(65,'','Caudy Van Royen','','','','caudy.vanroyen@live.fr','','Bonjours, j\'aimerai offrir un piercing à ma copine pour Noël, mais le problème c\'est qu\'elle à 17 ans et qu\'elle ne viens pas des alentours (Tarbes 65000) et ça maman ne peux pas se déplacer pour se présenter en tant que tuteur légal à cause des obligations de travail.\r\nBien sûre sa maman est au courant de ce que j\'aimerai offrir.\r\nJ\'aimerai savoir s\'il y avait un moyen pour pouvoir lui offrir le piercing sans que ça maman soit présente ?',1,0,1),(66,'','Gaufreteau Mathilde','','','','math79_18@hotmail.fr','','Bonjour,\r\n\r\nJe souhaiterais me faire percer le tragus. Pouvez vous m\'indiquer le tarif et si il est nécessaire de prendre rendez-vous ?\r\n\r\nCordialement ',0,0,1),(67,'','Cyrielle HUGOT','','','','cyrielle.hugot@laposte.net','','Salut, je veux me faire un helix et j\'avais quelques question, d\'abord par rapport au prix j\'ai vus que c\'était 15€ mais est ce que c\'est avec le bijou ou il faut payer plus pour le bijou, d\'autre pars est ce qu\'il faut prendre rendez vous ou pas? ',1,0,1),(68,'','Maureen GARRIGOUX','','','','maureengarrigoux@gmail.com','','Bonjour, \r\nJe souhaite me faire percer le nez juste avant Noël ou le jour même, mais je voulais savoir si il fallait prendre rendez-vous avant ou pas.\r\nMerci beaucoup d\'avance',1,0,1),(69,'','Maylis NEVEUX','','','','maylis.neveux@wanadoo.fr','','Bonjour,\r\nje suis du Cannelé d\'Adresses et je dois passer vous rencontrer pour votre critique dans le guide. J\'aimerais savoir si vous fermez pendant les vacances pour que je puisse organiser ma venue, autour du premier de l\'an a priori, cela vous conviendrait-il ?\r\n\r\nMerci d\'avance pour votre réponse,\r\nCordialement,\r\nMaylis Neveux',0,0,1),(70,'','Madyssone Vandervelde ','','','','madyssonevandervelde@gmail.com','','Bonjour, \r\nPourriez vous me dire si vous êtes ouvert le samedi 24 décembre s\'il vous plaît ?\r\nMerci et bonne journée ',0,0,1),(71,'','LEGAS BEATRICE','','','','bea_bea_40@hotmail.com','','Bonjour, Est ce que vous percez les oreilles des petites filles (5 ans) ? Merci de votre réponse.\r\n',0,0,1),(72,'','Serge Rapaport','','','','serge.rapaport@gmail.com','','Bonjour, ceci est un mail opportuniste. Je souhaite offrir un percage et un piercing d\'oreille a ma belle fille. Est il possible de passer avec elle demain a lheure qui vous convient le mieux pour realiser ce cadeau de Noel.\r\nSi oui super sinon je vous remercie de proposer un rdv la semaine prochaine.\r\nMerci d\'avance pour votre retour.\r\n',1,0,1),(73,'','Juliette Bordachar','','','','juliette.bordachar@gmail.com','','Bonjour à vous deux ! \r\nTout d\'abord c\'est la première fois que je visite votre site et franchement il est super joli ! Vraiment au top ! \r\nEnsuite j\'aurai aimé savoir combien de sous je devais mettre de coté pour la réalisation du daith à votre salon ? Et s\'il y a une forme de bijoux plus conseillée qu\'une autre pour sa cicatrisation. \r\nMerci pour votre réponse et je vous dis du coup à bientôt ! \r\nBonne journée \r\nJuliette',0,0,1),(74,'','Marchand Jade','','','','Jade.marchand600@gmail.com','','Bonjour/Bonsoir, \r\nJe souhaite venir dans votre boutique pour un industriel/traversée, sauf que j\'ai 16 ans et mes parents n\'ont pas le temps de m\'accompagner. Une autorisation écrite détaillée avec photocopie de leur carte d\'identité suffit-elle ?\r\nBien à vous, Jade Marchand.',0,0,1),(75,'','Laura.','','','','Lauraboisdevesys@yahoo.fr','','J\'ai fais ma langue, mon surface a l\'oeil et mon labret centré dans ce salon. Rien à dire! Le percage se passe bien, les filles mettent en confiance et sont à l\'écoute. Elles sont super gentilles! J\'achète aussi mes bijoux la bas. Je recommande ce salon vraiment. ',0,1,0),(76,'','Allagui leila','','','','algerina.a@hotmail.fr','','Bonjour je voudrait savoir quel serait le prix pour percé ma langue en venum ?',1,0,1),(77,'','Justine Bourmier','','','','jubourmier@gmail.com','','Bonjour, allez-vous bien ? :)\r\n\r\nDans un premier temps : bonne année et bonne santé à vous ! :)\r\n\r\nJe vous contacte car cet été je me suis fais faire un percing à l\'hélix mais j\'ai fais un rejet à cause du titane (40euros quand même ... :\'( ). Une boule s\'est formé là oú avait eu lieu la perforation et elle était remplit de pue et de sang ... enfin, rassurez vous, je n\'ai pas fais faire le piercing chez vous ! ^^ par conséquent, comment dire ... je sais que le risque 0 n\'existe pas mais pensez vous qu\'avec l\'autre matériau disponible chez vous (je ne me souviens plus du nom, pardon ...) ce sera \"bon\" ? (Je faisais très régulièrement mes soins avec mon ancien hélix ...)\r\n\r\nMerci ! :)',1,0,1),(78,'','Romane VERVOORT','','','','romanevervoort@gmail.com','','Bonjour,\r\nJ\'aimerai savoir si le piercing \"Smiley\" est bien à 35 euros ? J\'aimerai prendre rendez vous (si c\'est possible) dans la semaine ? \r\nMerci',0,0,1),(79,'','Rossignol Maéva','','','','maeva.rossignol@gmail.com','','Bonjour, \r\n\r\nJe me suis faite percée le téton lundi chez vous, mais j\'ai un doute sur le résultat. J\'ai l\'impression que d\'un côté le téton est bien percé mais que de l\'autre coté c\'est le mamelon. Je ne remets pas du tout en cause votre travail mais du coup je ne suis pas sûre de vouloir le garder. Du coup est ce que je peux l\'enlever directement ? Ou il faut que j\'attende 4 mois ? \r\nJ\'ai peur que mon mamelon prenne la forme de la barre Je n\'arrive pas à vous joindre de photos pour vous montrer mais si c\'est possible je vous envoie. \r\n\r\nMerci de votre réponse ! ',1,0,1),(80,'','Célia','','','','celia.teyre@gmail.com','','Bonjour.\r\nJe souhaiterais offrir un perçage du lobe de l\'oreille. Je voudrais savoir quel bijou je pourrais avoir pour 15€.. (sachant que la personne voudrais un écarteur..)\r\nBonne journée.',1,0,1),(81,'','Cloë Berbudeau','','','','bcloe33@gmail.com','','Bonjour,\r\nCela fait un moment que je souhaite me faire un labret centré seulement j\'aurais une question avant : est-il possible de le faire en passant par l\'intérieur de la lèvre sachant que je souhaite mettre un anneau \"fermé\" après ? Car je sais que c\'est possible mais le bijoux mis ensuite est \"ouvert\" ou en \"u\", je ne sais pas comment vous appelez ça. Mais avec un anneau \"fermé\" (un cercle quoi) est-ce possible ?\r\nCordialement,\r\nCloë',0,0,1),(82,'','Laurine Raelle','','','','laurine.raelle@icloud.com','','Bonsoir,\r\nJ\'aimerais me faire piercer le nombril chez vous, et j\'aurais voulu savoir si vous fournissiez les produits afin d\'effectuer les soins (s\'il faut payer, combien?).\r\n\r\nMerci d\'avance, bonne soirée.',1,0,1),(83,'','BRETHOME Jade','','','','jade.brethome@gmail.com','','Bonjour !\r\nMon amie et moi aimerions nous faire piercer le cartilage de l\'oreille (l\'hélix je crois ) le jour de mon anniversaire mercredi prochain ',1,0,1),(84,'','Richard Laurie-Anne','','','','laurie-anne.richard@hotmail.fr','','Bonjour les filles :) J\'ai fais l\'hélix chez vous en septembre et le rook il y a 10 jours. Comme je soigne ce dernier, je me suis dis que tant qu\'à faire, autant nettoyer à nouveau l\'hélix qui me fait encore un peu mal au toucher (savon ph neutre puis rinçage puis biseptine puis rinçage). Finalement ce matin voilà qu\'il s\'est infecté légèrement : je continue de le soigner ou mieux vaut que j\'arrête? Le rook lui me fait mal aujourd\'hui également, je pense que j\'ai dormi sur les deux oreilles cette nuit XD Merci et bonne journée :)',0,0,1),(85,'','Sarah MOSCARDO','','','','sarah.moscardo@gmail.com','','bonjour, je souhaiterais me faire piercer le tragus et je voulais savoir si il est possible de choisir un strass pour la prothèse au lieu d\'une bille sur la barre ? Merci d\'avance pour votre réponse.\r\n\r\nCordialement, \r\n\r\nSarah M',1,0,1),(86,'','CHAIGNEAU Adeline','','','','chaigneau.adeline@laposte.net','','Bonjour,\r\nJe vous contacte car je souhaiterais me faire un piercing au niveau du tragus.\r\nJe souhaiterais déjà connaitre le prix de celui-ci ?\r\nN\'ayant jamais fait de piercing, j\'aurais également aimer savoir comment est-ce que ça se passe ?\r\nEt dernière question, combien de temps à l\'avance faut-il prendre un rendez-vous ?\r\n\r\nMerci pour votre retour,\r\n\r\nAdeline CHAIGNEAU',0,0,1),(87,'','Genovesio lauriane','','','','genovesiol@gmail.com','','Bonjour, quel est le prix pour un piercing \"snug\" ?\r\n\r\nMerci d\'avance ',0,0,1),(88,'','Aysenur Akillioglu','','','','ayenur.akillioglu@gmail.com','','Bonjour, je souhaiterais me faire un piercing à l\'hélix, je voulais savoir si c\'était sur rendez-vous, si oui, pourrais avoir un rendez-vous, s\'il vous plaît ? \r\nJe vous remercie d\'avance, avec mes salutations les plus sincères. \r\nBonne journée.',1,0,1),(89,'','Jeandel Mathilde','','','','mathjeandel@gmail.com','','Bonjour, \r\nJ\'ai déjà un piercing sur l\'oreille gauche (Hélix) et j\'aurais voulu en faire un juste à côté de celui que j\'ai déjà. \r\nPourriez-vous me dire si ça se fait et combien ça me coûterais? \r\n\r\nMerci beaucoup à vous. \r\n\r\nBonne journée. \r\n\r\nMathilde',0,0,1),(90,'','YEFET Tamar','','','','maydayshoutweisparade@gmail.com','','\r\nBonjour. J\'ai perce mon nez le samdei dernier. \r\nMon piercing est sorti hier soir et j\'ai passé beaucoup de temps à le remettre po Aujourd\'hui, il est gonflé et le piercing est couler dans ma peau un peu. Sera-t-il correct dans les prochains jours. Il n\'est pas infecté.',1,0,1),(91,'','Gillot Solenn','','','','solenngillot@gmail.com','','Bonjour j\'ai eu un soucis en me frottant le nez ma prothèse est sortie et je n\'arrive pas à la remettre, elle reste à l\'interieur de la peau et je n\'arrive pas à la faire ressortir à l\'interieur du nez, du coup pour l\'instant j\'ai mis une boucle d\'oreille bien désinfecté  et je peux passer au shop que mardi du coup es que vous auriez un conseil à me donner jus\'quà cette date ? merci :) ',0,0,1),(92,'','Maëva Ringuet','','','','mae.rc@hotmail.fr','','Bonsoir,\r\nJe suis venue me faire percer il y a environ 1 mois au cartilage de l\'oreille, dans votre salon. J\'ai également fait ma visite de contrôle mais j\'ai oublié de vous poser une question. \r\nAyant fini mes soins complets, dois-je continuer à me laver le piercing tout les jours au PH neutre ? Merci pour votre réponse. Maëva',0,0,1),(93,'','Manon Salvin','','','','manon_s7@icloud.com','','bonsoir, je voulais simplement savoir si vous preniez sans rdv \r\nmerci d\'avance ',1,0,1),(94,'','Margaux Ducept','','','','marg.ducept@gmail.com','','Bonjour !\r\nJe vous contacte car j\'hésite à me refaire percer le nombril, suite à un rejet que j\'ai eu il y a un an.  Y a-t-il une chance importante que le rejet ait à nouveau lieu si je me refait percer ?',0,0,1),(95,'','Chloé conan','','','','chlo.cnn@gmail.com','','Peut-on percer deux hélix en même temps?\r\n',1,0,1),(96,'','Bettina Le Gentilhomme','','','','bettina_legentilho@hotmail.com','','Bonjour, j\'aimerais savoir quel serait votre prix pour un oeil de chat dans le prolongement de l\'oeil et si vous auriez une place pour le faire dans la journée, merci d\'avance :)',1,0,1),(97,'','LABORDE Manon','','','','manonlaborde@orange.fr','','Bonjour,\r\n je vous contacte afin de savoir quels sont vos tarifs pour deux hélix ?\r\nFaut-il prendre rendez-vous pour se faire percer ou est-il possible de venir sans rendez-vous ? \r\nMerci pour votre réponse, \r\nCordialement,\r\n LABORDE',0,0,1),(98,'','Laurent lea','','','','leaisaora@icloud.com','','J\'ai 16 ans je voudrais savoir si je peu me faire piercer le nez sans mes parent mes Avec la photocopie de la carte d\'identité et une autorisation écrite de Mon responsable légal et possibilité de coup de telephone pour vérification ? Et je voudrais savoir si c\'est possible d\'avoir directement un anneau et paS un diamant ? Merci d\'avance de vos réponses ',1,0,1),(99,'','Ariane de La Ville','','','','ariane.delaville@gmail.com','','Hello Madison Piercing ! \r\n\r\nJe vous envoie ce petit message parce que je suis allée me faire percer chez vous il y a maintenant  2 ans, à l\'Hélix. (d\'ailleurs mon piercing est super et je l\'adore, merci hihi) Je voudrais changer de bijou, mais il y a une chose qui me turlupine... Je ne connais pas les dimensions de celui-ci ! Et du coup je voudrais savoir si vous pourriez me les donner. \r\n\r\nVous m\'aviez mis un anneau avec une boule pour le refermer. \r\n\r\nVoilà voilà, bonne soirée et merci d\'avance de votre réponse ! ',1,0,1),(100,'','CLOTILDE Cindy','','','','clotilde.cindy@gmail.com','','Bonjour,\r\nJ\'aimerai savoir le tarif du piercing Christina et du clitoris.\r\nCordialement,',0,0,1),(101,'','Ferenbach chloé','','','','chloe.ferenbach@gmail.com','','Bonjour,\r\nJe voudrais vous posez quelques questions au sujet de deux piercings (j\'hésite entre les deux).\r\nJe voudrais me faire soit un piercing au nez, mais je me demandais si vous mettiez directement un anneau (ce que je veux) ou alors faut il passer par une prothèse ?\r\nDe plus, quel est le tarif pour un piercing \"smiley\" ?\r\nEt, faut il prendre rendez vous ?\r\nMerci !',0,0,1),(102,'','DE MATOS LOPES','','','','ana.dml@live.fr','','Bonjour !\r\n2 copines m\'ont parlé de vous et de votre travail et accueil !\r\nJ\'aimerais me faire percer l\'helix chez vous. C\'est un premier piercing et j\'appréhende un peu de faire le pas... Je pensais passer à votre boutique lundi dans l\'après midi. Il y a t\'il besoin de prendre rdv pour être sûr d\'avoir le piercing le jour-J ou pas ?\r\n\r\nMerci beaucoup,\r\nEt à bientôt !',1,0,1),(103,'','Célia Grimmer ','','','','celia.grimmer@gmail.com','','Bonjour,  je souhaiterai me faire un anti hélix à l\'oreille droite, combien cela coûte s\'il vous plaît? \r\n\r\nBien cordialement,\r\n\r\nCélia ',1,0,1),(104,'','Tarade Alicia','','','','alicia.trd@yahoo.fr','','Bonjour , j\'ai suis assez rouge à citer de mon trou du haut de mon piercing​ au nombril.J\'ai peur que ce soit une infection mais je n\'ai pas du tout mal ou quoi . Je m\'inquiète juste . J\'ai un peu de lymphe qui sort encore un peu. C\'est vraiment pas du pu c\'est comme avant. Et j\'ai fait mon piercing le 17 septembre.\r\nMerci beaucoup au revoir',1,0,1),(105,'','Da Silva Pires Lydia ','','','','pireslydia@gmail.com','','Bonjour, \r\nje vous envoie ce mail afin de savoir s\'il fallait prendre rendez vous pour une piercing à langue, \r\nj\'aurais voulus le faire jeudi au alentour de 17h30, cela serait-il possible ? \r\n\r\nMerci ',1,0,1),(106,'','Lucie Brunier','','','','luciebru@live.fr','','Bonjour ! J\'aimerais passer demain, en fin d\'après-midi pour quelques renseignements. Est-ce que je dois  prendre un rdv ? ',0,0,1),(107,'','Maéva MILVILLE','','','','maeva.milville@yahoo.fr','','Bonjour, je souhaiterais venir aujourd\'hui pour un tatoo très simple  car il s\'agit d\'une croix , juste deux traits. Ça me tiens à coeur de le faire aujourd\'hui avant l\'enterrement.  Cependant je ne sais pas a quelle heure je pourrais passer donc dites moi l\'heure qui vous arrange pour quon puisse le faire aujourd\'hui\r\nMerci beaucoup :)\r\nMaéva',1,0,1),(108,'','Éva Success ','','','','ruth33100@gmail.com','','Bonjour,\r\n\r\nJe souhaite faire un piercing à la langue. De ce fait j\'aimerai connaître son coût dans votre institut.  De plus est-il possible de prendre un rendez-vous pour effectué celui-ci ?\r\n\r\nCordialement,',0,0,1),(109,'','aurore','','','','crazyjude@hotmail.fr','','J\'ai fait 4 piercings la bas et jamais aucun problèmes, mes filles sont extra toujours le sourire, toujours a l\'écoute. Mon prochain piercing c\'est la langue et bien sur que j\'irai la bas. ',1,1,0),(110,'','Julie Michaud','','','','julie.michaud5@orange.fr','','Bonjour. \r\nJ\'aurai aimé savoir à quelle prix faite vous le piercing anti hélix ? Juste un trou \r\nBien cordialement \r\nJulie \r\n\r\n\r\n',1,0,1),(111,'','Bazo Emilie','','','','emiliebazo@yahoo.fr','','Bonjour,\r\n\r\nJe voudrais faire percer les oreilles de ma fille pour ses 3 ans, pour reprendre ses mots, elle veut des petits trous dans ses oreilles pour avoir de jolies boucles ! Je me suis fait percer il y a longtemps et j\'en garde un bon souvenir, en revanche les pistolets des bijoutiers me font assez peur...\r\nJe voulais savoir si vous étiez d\'accord pour le faire. De plus je voudrais lui offrir des petites boucles en or et voulais savoir si vous acceptiez de les poser.\r\nMerci d\'avance',0,0,1),(112,'','Farrah Hac','','','','hac.farrah@hotmail.fr','','Bonjour, j\'aimerais avoir juste quelques renseignement, j aurais aimé savoir le prix pour se faire percée le septum et savoir si il était possible de mettre directement un piercing « fer à cheval » ?',1,0,1),(113,'','Sabine patissier ','','','','sabine.patissier@bbox.fr','','Bonjour \r\nJe viens vers vous pour un petit renseignement. Faut il prendre rendez vous pour un microdermal ? \r\nMerci bonne journée à vous.',1,0,1),(114,'','Salaun Myriam','','','','my.salaun@gmail.com','','Bonjour, j\'envisage un piercing génital (grandes lèvres), pourriez-vous me donner votre tarif pour ce piercing (pour une lèvre ou les deux). Merci d\'avance pour votre réponse. \r\n',0,0,1),(115,'','Marie teyssier','','','','teyssier-m@hotmail.fr','','Bonjour, \r\nJe suis à la recherche de renseignements. Ma fille de 6 ans a très envie d\'avoir les oreilles percées! Je souhaite vraiment lui faire faire par un perceur professionnel. Le faites vous sur une enfant de 6 ans? Merci d\'avance pour votre réponse. ',0,0,1),(116,'','Christelle Gomes','','','','christelle.ce1@laposte.net','','Bonjour,\r\nMa fille (17 ans) souhaite un percing au nombril. Voulez vous me confirmer quels documents seront nécessaires ? Faut il prendre rdv pour samedi 20 mai ? Quel est votre tarif ? Prenez vous les règlement par chèque ?\r\nMerci de vos réponses.\r\n',1,0,1),(117,'','Marion Pirotte ','','','','marion.pirotte@gmail.com','','Bonjour Mesdames :) je souhaiterais me faire percer le(s) téton(s) et venir dans votre salon dont le sérieux n\'est visiblement plus a prouver... En revanche, je souhaiterais d\'abord vous demander si cela est particulièrement douloureux ... J\'ai été percée au nombril ainsi que plusieurs fois aux oreilles, et n\'ai jamais été très sensible... Cependant, je me trouve relativement sensible a ce niveau précis, et ne souhaiterais pas non plus souffrir pendant des semaines ! \r\nPourriez vous me donner quelques informations ? Notamment sur l\'endroit exact ou l\'on perce ? \r\nVaut il mieux percer les deux en meme temps ou laisser un certain délai entre les deux tétons ? \r\nY a t il des risques de vergetures autour des trous par exemple en cas de grossesse ? \r\nMerci d\'avance pour votre réponse.\r\nTrès bonne journée a vous ',0,0,1),(118,'','Barrero lola','','','','barrero.girardot.lola@gmail.com','','Bonjour, j\'aimerais savoir si vous prenez les chèques et si c\'est possible d\'avoir un rendez vous pour demain s\'il vous plaît  (31/05) \r\nCordialement ',0,0,1),(119,'','Andréa','','','','andrea.mayi1198@gmail.com','','J\'ai fais mon premier piercing (tragus) ainsi que deux lobes dans ce salon avec les anciens propriétaires et mes deux autres piercing (hélix et conch) avec les nouvelles propriétaires. Je ne vois aucune différence, si ce n\'est le visage de la personne en face de moi. Les bijoux sont magnifiques, le perçage se déroule super bien, l\'hygiène est impeccable, on a pleins de conseils sur l\'entretien du piercing et la suite du processus. Tout simplement j\'adore ! Je vous dis à très bientôt pour un ou plusieurs nouveaux piercing dans pas longtemps ! Merci beaucoup en tout cas ! :)',1,1,0),(120,'','Germinal Petit-Etienne','','','','germinal.petitetienne@gmail.com','','Bonjour notre fille nous a demander de se faire perçer les lobes d\'oreille pour son anniversaire des 3 ans.\r\nNous trouvons sa demande recevable mais nous préférerions que cela soit réalisé par un perceur plutôt qu\'avec un pseudo bijoutier \"Claire\'s\"...\r\nAccepteriez vous de réaliser cet acte?\r\n\r\nBien cordialement,\r\nGerminal Petit-Etienne',1,0,1),(121,'','Camacho Marine','','','','camacho.marine12@gmail.com','','Bonjour ,\r\n\r\nJe me permet de vous envoyer cet email afin de savoir si vous recherchez une personne de plus dans votre boutique pour faire du piercing . Habitant à Rodez dans l\'Aveyron je suis tout à fait prête à me déplacer et avoir un rendez vous avec vous si votre réponse s\'avère positive . J\'ai déjà de l\'expérience dans le milieu et souhaite vraiment pouvoir travailler à vos côtés .\r\n\r\nDans l\'attente de votre réponse , je vous souhaite une bonne journée .\r\n\r\nA très bientôt je l\'espère .\r\n\r\nMarine Camacho',0,0,1),(122,'','Lena Gaillard','','','','lena.gaillard.ortner@gmail.com','','Bonjour, \r\nJe viens de Suisse et serais de passage à Bordeaux pendant le début du mois d\'août. Je voulais savoir si il y avait la possibilité de prendre rendez-vous. \r\nJe voudrais me faire percer au nez et faire l\'industriel.\r\nMerci d\'avance et tout de bon!\r\nLena Gaillard\r\n',1,0,1),(123,'','Ines','','','','ines.descamps@gmail.com','','Bonjour, \r\nJe pars sur Tahiti le 15 juin mais avant je voudrais me faire percer le capuchon du clitoris. Est ce possible le faire avant mon départ et si quand est ce que je peux venir pour le faire? De plus je désirerais connaître le tarif pour le capuchon... Merci par avance de votre réponse. Bonne journée. Inès.',0,0,1),(124,'','Élisa Coelho','','','','elisaclh33@gmail.com','','Bonjour,\r\nJ\'aimerai me faire deux piercings l\'un au dessus de l\'autre à l\'hélix gauche. Serait-il possible de faire les deux en même temps? Est-il nécessaire de prendre rendez-vous dans votre salon ou non?\r\nCordialement.',0,0,1),(125,'','adèle ltg','','','','adele.ltg@gmail.com','','bonjour, j\'aimerais obtenir plusieurs informations, notamment concernant les tarifs des septums, et savoir aussi ce qu\'il vous faut comme document quand on est mineur (carte d\'identité du parent, etc). \r\nmerci d\'avance.\r\nadèle.',0,0,1),(126,'','Quentin legeret','','','','cardonnajerome66@gmail.com','','Bonsoir, je voudrais me faire un piercing a langue et je souhaiterais savoir combien de temps il me faudra avant de pouvoir embrasser avec la langue \r\nMerci d\'avance ',0,0,1),(127,'','agathe Dufreix','','','','agathe.dufreix@laposte.net','','Bonjour,\r\n\r\nJe compte venir chez vous prochainement pour me faire percer. J\'aurai voulu savoir s\'il était possible de mettre de la crème anesthésiante sur la partie que je souhaite percer ou si ce n\'est pas recommandé.\r\n\r\nJe vous remercie par avance pour votre réponse.\r\nCordialement,\r\nMme Dufreix',0,0,1),(128,'','LEROY Delphine','','','','leroy.delphine74@gmail.com','','Bonjour, désirant faire un piercing au dessus de la bouche (lèvre supérieure droite) j\'aurais aimé connaître les tarifs. Y\'a t-il un suivi après le piercing réalisé ? J\'ai également entendu parlé de déchaussement possible de la dent à long terme...\r\nCordialement\r\n\r\nLEROY Delphine\r\n\r\n',0,0,1),(129,'','Emily ','','','','emily.jette@hotmail.com','','Hello! I am just wondering if you only take cash or if you also take visa?',0,0,1),(130,'','LATSCHA mahé','','','','mahe.latscha@gmail.com','','bonjour! je  m\'appelle mahé et j\'aurais 16 ans en semptembre , j\'aimerais me faire percer l\'helix et rajouter un trou a mes lobes dans votre etablissement, si je viens seul, y\'a t\'il besoin d\'une autorisation parentale?  merci d\'avances',0,0,1),(131,'','Mélissa Kerlero ','','','','melisssa.kerlero@gmail.com','','Bonjours, je voudrais savoir quand vous donnez les prix et que vous dites a partir de... Cela veut dire que vous augmenter le prix selon Quoi?',1,0,1),(132,'','Fernanda Cepeda','','','','fernandacep@gmail.com','','Salut! Je suis allée aujourd\'hui à votre boutique pour me faire un piercing à l\'oreille. Je ai vous donner une permît de conduire sans date de naissance. Ici la vérité: J\'ai 17 ans, mais mon anniversaire est la semaine prochain, les trois de août. J\'ai parlé avec mes parents et ils m\'ont dit que je peut me faire une piercing, mais ils sont pas ici. Ils sont à Mexique, je suis ici avec une famille d\'accueil. Je veux vraiment un piercing. Et je veux seulment poser le question: il y a quelque chose que je peux faire avec ce situation o pas? Merci ',1,0,1),(133,'','Lacourrège Marie','','','','marie-lacour@hotmail.fr','','Bonjour, je viens de découvrir votre site et votre salon et il m\'inspire confiance. Serait il possible de prendre rendez vous pour cette âpres midi ? Pour un piercing au dessus de la lèvre. Et avoir un aperçu du prix. \r\n\r\nVous pouvez me contacter par mail ou message au 0611166924\r\n\r\nCordialement, Marie Lacourrège',1,0,1),(134,'','HARTER Marion','','','','marionharter33140@outlook.fr','','Bonjour,\r\nJe voudrais me faire percer le septum mais j\'aimerais savoir si il était possible de choisir la \"hauteur\" afin qu\'il reste vraiment discret. A moins qu\'il n\'y ait différente taille pour le piercing?\r\nMerci pour votre réponse,\r\nHARTER Marion',0,0,1),(135,'','marie duvignau','','','','marie.duvignau@hotmail.com','','Bonjour, je voudrais savoir le prix pour deux tétons piercés s\'il vous plaît ?',1,0,1),(136,'','Delaveau Emilie','','','','thevenet.emilie@gmail.com','','Bonjour \r\n\r\nJe me permets de vous contacter par mail car je n\'arrive pas à vous joindre par téléphone j\'aurais souhaité savoir si vous êtes bien ouvert au mois d\'août et si il serait possible de me retirer un microdermal sur poitrine car je pense qu\'il est infecté merci d\'avance \r\n',1,0,1),(137,'','Germain Laurence','','','','mamzelleu@gmail.com','','Bonjour je vous écris car j\'ai eu des soucis je vous explique je me suis fait percer les oreilles 4 fois en bijouterie et a chaque fois j\'ai eu infection fortement douloureuse et rebouchage donc je veut plus sa ma suffit .\r\nOn ma conseiller de faire ça via des perceurs qui sont professionels et niveau hygiene impeccable et on m\'en dit que du bien .\r\nDonc je voulais savoir si vous faite des percage oreille classique si oui le tarif et si faut prendre rendez vous ( je vous est trouver sur google ) \r\nMerci beaucoup ',0,0,1),(138,'','Dufour Julien','','','','AttilaAk33@gmail.com','','Bonjour,\r\n\r\nVoilà, je me suis fait percer l\'oreille dans une bijouterie (0.8mm , taille standard ) et je voudrais passer directement a 1.6 mm\r\n\r\nSur vos tarifs, le lobe oreille est a 10 euros, cela correspond bien à cette opération ? \r\n\r\nJe voulais également vous demander si vous vendez également des écarteurs ?\r\n\r\nEn vous remerciant de votre attention que vous porterez a ce message\r\n\r\nCordialement,',0,0,1),(139,'','Vert Audrey','','','','vertaudrey@hotmail.fr','','Bonjour,  j\'aurais voulu connaître vos tarifs pour un piercing Hélix et un snug avec anneau tous deux ? \r\nEt un anti helix ? \r\n\r\nMerci beaucoup par avance !',1,0,1),(140,'','Brégier Alexane','','','','alexane.bregier@numericable.fr','','Bonjour, je me posais plusieurs questions ! Tout d\'abord, je souhaitais faire un deuxième perçage au lobe et un plus haut sur la courbe de l\'oreille (environ mi-oreille). Est-ce possible (et une bonne idée!) de faire les deux piercings le même jour ? (en tout cela en fait quatre, deux sur chaque oreille). Puis je emmenais mes propres bijoux ? Si oui, faut il un matériau spécifique ?\r\nMerci pour votre temps, j\'\'espère ne pas avoir était trop confuse ! Bonne fin de journée et à trés vite je l\'espère ! Alexane.',0,0,1),(141,'','Gaëlle Perrault','','','','gaelle789@hotmail.fr','','Bonjour je voudrais savoir si vous fait un prix pour plusieurs perçage ? Merci \r\n',1,0,1),(142,'','Audrey ','','','','audreyjhk@gmail.com','','Souriantes, professionnelles, rassurantes... Vous êtes toutes les 2 au top!!\r\nQue vous dire de plus à part un énorme MERCI pour mon piercing au téton d\'hier que j\'aurai eu depuis bien longtemps si je vous avais rencontré avant. Je suis tellement contente!!!\r\nEncore merci ',0,1,0),(143,'','Nina Martinez','','','','nina.martinez98@orange.fr','','Bonjour, je voulais un petit renseignement concernant le tarif du piercing Rook.\r\nMerci de votre réponse.',1,0,1),(144,'','Stéphanie  LECLERC','','','','stephanie.leclerc@live.fr','','Bonjour, \r\n\r\nJe me suis faite piercer chez vous il y a 3 mois la langue. Le bijou a été changé, je n\'ai aucun soucis. Cependant, parfois le matin, la barre est comme collée au trou et si je veux la tourner ça me fait mal et je dois un peu forcer pour que ça tourne. Est-ce normale ?\r\n\r\nMerci beaucoup, \r\n\r\nStéphanie',0,0,1),(145,'','lucille azzopardi','','','','lucilleazzopardi@gmail.com','','bonjour ! \r\nje me suis fait un hélix aujourd\'hui et j\'aurais voulu savoir si pendant les soins je devais faire tourner mon anneau ? \r\nmerci d\'avance bonne soirée ',0,0,1),(146,'','Clavet emmanuelle','','','','emmanuelle.clavet@gmail.com','','Bonjour je souhaiterai me faire percer. Je suis déjà venu chez vous et je suis très contente de votre travail :)  j\'aimerai me faire percer a l\'oreille dans le cartilage intérieur verd le milieu de l\'oreille et un microdermal au coin de l\'oeil. J\'aimerai connaître environ les tarifs même si j\'ai ma petite idée. Je fais de la danse et par rapport à la transpiration est ce que je devrai attendre un certains nombre de jours ou ke peux danser le jour même ? \r\nMerci pour vos infos je pense venir la semaine prochaine :) a bientôt ! ',0,0,1),(147,'','Destruhaut Léa','','','','lea.destruhaut@outlook.fr','','Bonjour\r\nJ\'aimerais prendre rendez vous pour des percings aux lobes d\'oreilles samedi 9 septembre dans l\'après midi , pouvez vous m\'indiquer les horaires disponibles.\r\nCordialement ',1,0,1),(148,'','Guidon Noelly','','','','noellyguidon1711@gmail.com','','Bonjour, étant déjà percé des deux oreilles (trou basique), je souhaiterai avoir un deuxième trou à l\'oreille droite. Combien prendrai vous ? merci.',1,0,1),(149,'','Carré Laurent','','','','l.carre33@free.fr','','Bonjour,\r\nPouvez vous le donner le coût pour le piercing des 2 lobes d\'oreille avec le bijou de première pose ? Est il nécessaire de prendre rendez-vous ? Ca serait pour samedi en fin de matinée.\r\nCdlt,\r\nLaurent',0,0,1),(150,'','Gwendoline Asquin','','','','sweetieytb@gmail.com','','Bonjour,\r\nJe suis de Paris, après beaucoup de recherche je n\'arrive pas à trouver LE perceur qui propose de beaux bijoux directement. En effet j\'aimerais me percer le septum mais j\'aimerais un anneau basique et assez fin même si ça doit être de l\'or blanc. Du coup j\'aimerais beaucoup savoir si vous disposez de plusieurs prothèse. Je viendrais du coup avec plaisir vous voir à Bordeaux ! Je vous souhaite une très bonne journee,\r\nGwenn',0,0,1),(151,'','Bonduelle Audrey','','','','bondu.audrey32@gmail.com','','Salut serai pour savoir s\'il faut un rdv pour pour les piercing car je suis sur Bordeaux se week-end.\r\n Je souhaiterai savoir si vous faite mes helix, les indus et les faits.\r\nJe voudrai aussi connaître les tarif aussi merci ',0,0,1),(152,'','Maeva Mathieu','','','','plusutili@hotmail.fr','','Bonjour jaimerai faire percer mes tetons combien cela coûterait ? Quels produits utilisés pour les soins après avoir mis les piercings? \r\nEn vous remerciant d\'avance. \r\n',0,0,1),(153,'','Camille Lechien','','','','camille.lechien@hotmail.fr','','Bonjour,\r\nJ\'aimerais faire un piercing au cartilage de mon oreille (l\'hélix) samedi vers 16h, vous prenez les réservations ? Si oui vous avez des disponibilités vers ce créneau là ?\r\nMerci d\'avance et j\'espère à samedi ! \r\nCamille',1,0,1),(154,'','PierreEtienne vasselle','','','','peheu666@gmail.com','','Bonjour faites vous les cheeks? Si oui à combien les deux? ',1,0,1),(155,'','Bellon Salomé','','','','salomebellon@gmail.com','','Bonjour, je voulais savoir si je pouvais me faire percer les troisième trois aux deux oreilles mais j\'ai 16 ans et je suis a Bordeaux que pour le weekend sans mes parents \r\n?\r\n',0,0,1),(156,'','Maria GUELPA','','','','guelpamaria@gmail.com','','Bonjour\r\nJe m\'étais faite percer le tragus chez vous l\'an dernier... j\'ai été très satisfaite ! Je ne suis plus sur Bordeaux mais de passage samedi prochain  (le 29), faites vous des piercing anti-tragus ou conque  (j\'ai du mal à voir la différence). Si oui, quel est le prix et auriez-vous une dispo le samedi ?\r\nBien à vous\r\n\r\nMaria Guelpa',0,0,1),(157,'','marion','','','','anouchka.piercing@outlook.com','','Bonjour,\r\nJe vends mon activité de e-commerce dans le secteur des bijoux piercings et accessoires de coiffure sur les places de marché: eBay, Amazon France, Royaume Uni, Canada, Etats-Unis, Price Minister, Cdiscount. J’ai lancé mon activité en 2007.\r\nLe prix de vente comprend :\r\n- le fichier clients (15 000 adresses emails)\r\n- le stock  (22 000 € au 1er janvier) \r\n-les boites de rangement\r\n-tous les comptes vendeur\r\nLes fiches produits sont sous format Excel et traduites en Anglais, excepté pour eBay (4000 fiches, 2000 traduites). \r\nUn nom de domaine avec redirection est rattaché à EBay. D’ailleurs, vous pouvez consulter le stock restant à cette adresse :\r\nwww.anouchka-piercing.fr\r\nJe vends mon activité car je suis en reconversion professionnelle depuis 1 an et demi. Après 10 ans, envie de changer de métier. J’étais l’année dernière à mi temps et avais encore le temps de m’occuper des boutiques. Cette année, j’ai eu une opportunité pour travailler à plein temps, et cela devient impossible à gérer. La cession est donc urgente, d’où le prix très bas (prix du stock !!!) Je vends le tout pour 20 000€.\r\nJe peux bien sûr vous mettre en relation avec  tous mes fournisseurs (six principaux). Il y a de grandes possibilités de développement. La comptabilité a été suivie par un expert comptable depuis le départ.\r\nJe reste à votre disposition pour plus de \r\nrenseignements. Je suis à côté de Bordeaux.\r\nMarion\r\n',0,0,1),(158,'','Margaux LAMASSE','','','','margaux.lamasse@hotmail.com','','Bonjour, j\'envisage de faire un piercing au rook cependant il n\'y a pas le prix dans les tarifs sur votre site internet. A quel prix le faites-vous ? \r\n\r\nMerci d\'avance',0,0,1),(159,'','Marina Vuk ','','','','marina-vuk@hotmail.fr','','Bonjour Madame , je me permet de vous contacter car je suis à la recherche d’un perceur qui serait prêt à me former. Je connais assez bien votre shop , je m’y suis rendue plusieurs fois . Je suis excrément motiver et aimerais apprendre à vos côtés car le piercing est un domaine que j’affectionne énormément , je suis prête à me déplacer pour vous rencontrez si vous le souhaitez . Je vous souhaite une agréable fin de journée , cordialement ',0,0,1),(160,'','Petit Jennifer','','','','petitenifere@hotmail.com','','Bonjour, le 4/10 je serai à 1 mois de mon piercing a la lèvre. Je serai dispo à partir du 7/10 pour le rdv de vérification.\r\nMerci \r\nÀ bientôt',0,0,1),(161,'','Estelle Com-Nougué','','','','comnougue39@gmail.com','','Bonjour, \r\nJe me suis fait percé le deuxième trou du lobe la semaine dernière en bijouterie (donc avec un pistolet) et j\'ai l\'intention de me faire percé le troisième trou du lobe, cette fois-ci dans votre boutique, ce week-end. Ayant toujours les prothèses et ne pouvant pas les enlever, est-ce possible de me le faire faire? \r\nDe plus, les deuxièmes trous ne sont pas symétriques et je voudrais donc enlever la prothèse d\'un côté et me refaire le trou en symétrie à l\'autre, est-ce que cela est aussi possible? \r\n\r\nAvec tous mes remerciements,',1,0,1),(162,'','CHAUMOND Anne','','','','anne.chaumond@outlook.com','','Bonjour, je suis déjà venue me faire percer l\'hélix chez vous et j\'aimerai savoir si vous perciez le \"snug\" et si oui, pour combien. Je sais que ce n\'est pas très répandu et je ne l\'ai pas vu dans la rubrique des tarifs d\'où ma question. \r\nMerci. ',1,0,1),(163,'','Jodie Boyer','','','','Jodieboyer33@gmail.com','','Bonjour ! Je souhaiterais savoir s\'il est nécessaire de prendre un rendez-vous pour un piercing ou non ? Merci d\'avance ',1,0,1),(164,'','ENGIE BELLEGO','','','','e.bellego.eb@gmail.com','','Bonjour,\r\nJe vous envoie ce mail afin de connaître le tarif pour se faire un piercing au tragus.\r\n\r\nMerci\r\n',0,0,1),(165,'','Vignau Nina','','','','nina.vignau@orange.fr','','Bonjour,\r\nJ’aimerais avoir des renseignements concernants le piercing au niveau du capuchon du clitoris s’il vous plaît. Ainsi que vos disponibilités si cela est faisable avec vous.\r\nJ’attend votre réponse.\r\nCordialement \r\nNina Vignau',1,0,1),(166,'','Bastien Réjane','','','','rejane.bastienamare@gmail.com','','Bonjour, je me suis fait percer le lobe (deuxième trou) il y a environ 3 mois chez vous. Depuis ce temps là je n\'avais pas retiré la prothèse. Aujourd\'hui, j\'ai voulu la retirer, mais mon oreille s\'est directement mise à gonfler. J\'ai dû un peu forcer pour remettre le bijou, et j\'ai saigné. J\'ai nettoyé et désinfecté. Je voulais savoir s\'il faudrait envisager de porter une boucle d\'oreille en or, par exemple, pour aider à la cicatrisation ou si il y a quelque chose d\'autre à faire.\r\nMerci beaucoup de votre réponse,\r\nBonne journée, \r\nRéjane Bastien',0,0,1),(167,'','clave stephanie','','','','enzo.stephanie@yahoo.fr','','bonjour combien coute un tatouage au bras gauche merci',0,0,1),(168,'','FLORE MAGNANT','','','','flore.magnant@hotmail.fr','','Bonjour,\r\nJe voudrais me faire un piercing à l\'oreille (helix), et je voulais savoir si vos prestations se faisaient sur rendez vous ou sans rendez vous? \r\nMerci beaucoup d\'avance,\r\nBonne soirée \r\nFlore Magnant',0,0,1),(169,'','De Wilde Brice','','','','brice.dewilde@live.fr','','Bonjour mesdames,\r\nJ\'aimerais me faire percer l\'oreille (lobe) pour un premier piercing. Serait-il possible de prendre rendez-vous pour vendredi soir ou samedi courant de journée? Je vous remercie d\'avance et vous souhaite une bonne journée. \r\nCordialement, \r\nBrice',0,0,1),(170,'','Mélissa Castillon','','','','castillon.melissa@laposte.net','','Bonjour, bonsoir\r\nAyant pour projet de me faire deux piercings ( un tragus et un à la lèvre )  j\'aurais aimé savoir s\'il était possible de prendre rendez-vous ? Préférez-vous que je passe une première fois en boutique avant ?',1,0,1),(171,'','Barragan Anaïs','','','','brganais@hotmail.com','','Bonjour,\r\nEst ce qu\'il serait possible de venir aujourd\'hui pour me faire piercer l\'hélix? \r\n\r\nCordialement ',1,0,1),(172,'','machado joane ','','','','joane.machado@icloud.com','','bonsoir , vous faites bien le perçage du second trous au niveau du lobe?',1,0,1),(173,'','Elisa Coutantin','','','','coutantinelisa@gmail.com','','Bonjour, \r\nJe souhaiterai me faire un deuxième trou au niveau des lobes. Pouvez vous me dire combien je dois prévoir pour me faire percer les deux lobes ? De plus j’ai un grain de beauté sur chacun de mes lobes est-ce un problème ? \r\nJe vous remercie d’avoir prêter attention à ce mail. \r\nBonne journée merci d’avance ',0,0,1),(174,'','Hanus Michel','','','','hanusmichel@gmail.com','','Bonjour \r\nNous voudrions faire un piercing sur les partis génitales de madame grande lèvres pouvons-nous le faire chez vous et dans l\'éventualité pouvez-vous nous faire un devis vous remerciant par avance michel et isabelle',1,0,1),(175,'','quentin','','','','q.roux@wibixi.com','','  \r\n échange d\'article (nous pouvons rédiger l\'article pour vous)\r\n  \r\n  Bonjour\r\nNous promouvons le référencement naturel de plusieurs sites dans \r\ndifférents domaines par le biais d\'échanges d’articles. \r\nNous souhaitons ainsi effectuer un échange d’articles avec votre blog afin \r\nd’améliorer nos positions respectives dans les moteurs de recherche. \r\nL’article à publier sur votre site suivra entièrement sa ligne \r\néditoriale et sera informatif afin d’apporter satisfaction à vos \r\ndifférents lecteurs. \r\n\r\nNous disposons d’une trentaine de blogs répartis dans différentes \r\nthématiques avec de bons Trustflow, Citation flow et Domaine Authority.\r\n\r\nSeriez-vous intéressé par un échange de contenu croisé entre nos sites ? \r\nVoici ce que nous vous proposons : \r\n\r\n- Diffusion d’un article unique de 400 mots environ sur notre blog (si vous \r\nle souhaitez nous rédigerons un article de 400 mots pour vous contre la \r\npublication de 2 articles sur votre blog) \r\n- Libre choix du sujet de votre texte \r\n- Intégration d’une image représentative (logo, photos, etc.) non \r\nobligatoire \r\n- 1 ou 2 liens hypertextes pointant vers vos sites ou vos blogs. \r\n\r\nEn retour, nous vous demanderons d’insérer sur votre site un article \r\ncontenant les liens hypertextes pointant vers notre site ou blog. \r\n\r\nSi cette proposition vous intéresse, merci de bien vouloir nous informer. \r\nNous diffuserons votre texte dans les plus brefs délais. \r\n\r\nBien cordialement\r\nQuentin Roux\r\nAgent référencement\r\nTéléphone: 0970463777\r\nq.roux@wibixi.com - www.wibixi.com	\r\n\r\n\r\n							\r\n',1,0,1),(176,'','Comte Laura','','','','laura_comte@hotmail.fr','','Bonjour,\r\nSuite à votre appel de vendredi je tenais à vous écrire pour apporter quelques précisions. \r\nJ\'ai en effet trouvé un travail à Paris pour novembre et décembre ce qui m\'empêche en théorie de commencer un apprentissage maintenant mais dès le 20 décembre je serais de retour sur Bordeaux. En attendant pour ne faire attendre personne inutilement je peux tout à fait me déplacer à Bordeaux un week end pour parler ensemble de l\'apprentissage et de mon parcours. \r\nEn outre, ma période de travail novembre-décembre me permettrait d\'économiser de l\'argent pour être stable durant la période l\'apprentissage et cela vous permettrait aussi de prendre le temps de réfléchir et de mettre en place tout cela...\r\nQuoi qu\'il en soit je me permets d\'insister en disant que j\'ai vraiment très envie de cet apprentissage, particulièrement avec vous, et de devenir à mon tour pierceuse. \r\nJe reste joignable par téléphone ou par e-mail si besoin.\r\nCordialement,\r\nComte Laura',0,0,1),(177,'','Delphine le breton ','','','','delph-lb@hotmail.fr','','Allo',0,0,1),(178,'','vanessa forssant','','','','alain.vanessa@sfr.fr','','Bonjour je souhaiterai me faire percer le téton.\r\nJ\'ai énormément la trouille et quelques questions!\r\nTout d\'abord, est ce que cela peu gêner pour un allaitement futur?\r\npeut on choisir son bijou de perçage? ( je souhaiterai   une barre de petit diamètre, type piercing de surface et deux petites billes, plus petites que les standard), si non, combien de temps faut il attendre avant de pouvoir changer le bijou.\r\nacceptez vous que l\'on mette de la crème emla avant \"l\'acte\".\r\nDois je prendre rendez-vous pour ce type de piercing?\r\nMerci d\'avance de votre retour\r\n(ps: j\'ai déjà fait plusieurs piercing chez vous, nombril, surface, labret, cartilage)\r\nbelle journée à vous\r\nvanessa f\r\n\r\n',0,0,1),(179,'','AGATHE MESURET','','','','agamesu@yahoo.com','','bonjour\r\nje voudrais un piercing du capuchon clitoridien mais j’hésite entre vertical ou horizontal\r\nfaites vous des consultations sans rvous et a quel prix?\r\nmerci',1,0,1),(180,'','Hamon Oriane ','','','','haoriane@gmail.com','','Bonjour, \r\nJe suis actuellement en 2eme année de bijouterie joaillerie aux Herbiers et je souhaiterais savoir si vos piercings\r\n vous les faîtes par un créateur ou si vous les commander ? J\'aime beaucoup vos piercings et voudrais en savoir plus sur le fonctionnement de vos bijoux si cela ne vous gêne pas ? \r\nCordialement',0,0,1),(181,'','Hamonou arnaud','','','','hamonou.arnaud@gmail.com','','Bonjour,\r\nMa fille souhaite faire une contruction \"industrielle\". Elle fete ses 16 ans lundi 20 et je souhaiterai lui offrir. Faotes vous ce piercing et a quel prix?\r\nMerci de vos reponses.\r\nCordialement\r\nArno',0,0,1),(182,'','Sandrine ARNAUD ','','','','sandrine.ligerarnaud@wanadoo.fr','','bonsoir,\r\nMa fille souhaite se faire percer les oreilles au dessus d\'un premier trou déja existant. Pourriez-vous me dire quel serait le tarif?\r\nJ\'ai vu que vous proposiez des cartes cadeaux, comment cela fonctionne t\'il, faut-il venir les chercher directement en boutique et y a t\'il possibilité de commander à distance?\r\nJe vous remercie par avance de votre réponse,\r\n\r\nSandrine ARNAUD\r\n',1,0,1),(183,'','Bousquet Patricia ','','','','patdebod@yahoo.fr','','Bonjour, j’envisage le piercing du capuchon du clitoris. En moyenne quel est le temps de cicatrisation? Pendant combien de temps faut il éviter d’avoir des rapports ? Y a t là une meilleure période dans l’annee pour le faire ? Enfin quel en est le coût ? Merci d’avance de votre retour ',0,0,1),(184,'','Lucile Dupin','','','','ldupin.pro@gmail.com','','Bonsoir.\r\n\r\nNous aimerions avec ma soeur nous faire de nouveaux piercings en tant que cadeau de Noël. \r\n\r\nElle ferait des piercings aux lobes d oreilles (3 en tout). \r\n\r\nDe mon côté j en ai déjà 5 aux lobes, j aimerais tenter un piercing helix et/ou anti helix. Sur mes lobes mon corps ne tolère pas les bijoux en argent, j ai donc pris l habitude de porter de l or blanc. Avez-vous des prothèses en or blanc ou jaune ? Je crains sinon de ne pas pouvoir garder le piercing. J avais pensé sinon à l acier chirurgical ?\r\n\r\nMerci pour vos avis. Si vous pouvez n hésitez pas à m envoyer un devis pour 3 piercings lobes et les 2 piercings au cartilage, avec le coût des prothèses selon les matières ?\r\n\r\nMerci beaucoup.',0,0,1),(185,'','Melissa ','','','','amaranth.century@hotmail.com','','Des années que je me fait passee percees chez eux , au top les filles superbe accueil et hygiène parfait ... je vous le conseil  d’y aller les yeux fermer .',1,1,0),(186,'','Rime El Moatassim','','','','rime.elmoatassimbillah@gmail.com','','Bonjour, je souhaite me faire percer le lobe des oreilles ( 2 trous pour chaque oreille ) combien cela va-t-il me coûter ?\r\nMerci à vous. ',1,0,1),(187,'','Stephanie Guimarães','','','','sglm.stephanie@gmail.com','','Bonjour. Je voudrai savoir combien ça coûte le piercing du septum. Merci.',0,0,1),(188,'','GAILLARD Léanna','','','','gaillard.leanna@outlook.fr','','Bonjour, je souhaiterais me faire percer les tétons le jeudi  7 décembre, je ne sais pas si il faut prendre rendez-vous pour être sure de me faire percer ce jour la (ça sera mon anniversaire). \r\nMerci d\'avance de votre réponse, \r\nCordialement ',1,0,1),(189,'','Mordiconi','','','','charlotte.mordiconi@laposte.net','','Bonjour, je souhaiterais me faire percer vendredi en fin de journée ou samedi si c\'est possible. Les piercing que je souhaiterais faire sont l\'helix et les deux lobes d\'oreille, quel budget cela représente-t-il ? \r\n',1,0,1),(190,'','Maxence verron','','','','maxencepro17@gmail.com','','Bonjour je suis à la recherche d’un apprentissage en body piercing et j’aim Savoir si vous pouvait former quelqu’un merci beaucoup de votre réponse \r\n\r\nCordialement maxence ',1,0,1),(191,'','gobbini jean louis','','','','jeanlouis.gobbini@gmail.com','','bonsoir ,serait il possible d\'avoir les tarifs des génitaux masculin car je souhaite tous les acquérir sur plusieurs mois . Merci par avance JL',1,0,1),(192,'','lucie ','','','','bastard.lu@gmail.com','','J\'ai fais mon piercing a la langue là-bas, et ça s\'est bien passé, je vais retourner là-bas pour tous mes piercing c\'est sur ! La perceuse était très gentille, elle s\'est même inquiétée et elle m\'a donné de super conseils. C\'était parfait ✨',1,1,0),(193,'','Rosanna COISNE','','','','rosanna.coisne@laposte.net','','Bonjour, serait-il possible de prendre RDV pour un piercing au cartilage ce samedi 9 décembre en fin d\'après-midi?\r\nMerci beaucoup !\r\nRosanna Coisne\r\n06 20 09 04 33',0,0,1),(194,'','Clémentine ','','','','clementineperon@hotmail.com','','Bonjour, faut il prendre rendez-vous ? C est pour mes 2 lobes d oreille.\r\nMerci!',0,0,1),(195,'','Anne Griot','','','','anne33@hotmail.fr','','Bonjour, je suis de bordeaux, mais je fais mes études dans le nord, je passe pour le période de Noël, serez vous ouvert entre le 27 et le 31?\r\nJe voudrais avoir des écarteurs depuis plus d\'un an et après grande réflexion je saute le pas, j\'aimerais aussi me faire faire le fond d\'oreille que je trouve très élégant, si jamais vous êtes ouvert pour des conseils et même pour me percer ce serait top',0,0,1),(196,'','Sainlot Nathalie ','','','','nathalie.sainlot@outlook.fr','','Bonjour  \r\nJ\'offre un piercing helix a ma fille ( louisa) de 14 ans. Est il possible d\'avoir un rdv le mercredi 27 déc après midi ? Quelles sont les consignes a respecter ? Très bonne journée \r\nNathalie Sainlot ',1,0,1),(197,'','Emilie Leroy','','','','emilie.leroy@outlook.fr','','Bonjour, \r\nJ\'ai 16 ans, et j\'aimerai me faire un écarteur, ma mère est d\'accord mais elle travaille. Est-il possible de le faire et si oui avec quelle documentation ou papier admistratif?  \r\nCordialement, Emilie',1,0,1),(198,'','Géraldine Le Bihan','','','','g.y.lebihan@gmail.com','','Bonjour,\r\n\r\nUne amie a achete chez vous un piercing que je cherche depuis un moment (un petit anneau dore torsade) et je souhaite l\'acquerir a mon tour. Je viendrai dans la region pour le Nouvel An et voulais savoir quand vous serez ouverts, je doute que vous le soyez le 1er janvier mais peut-etre des le 2 ? Merci d\'avance pour votre reponse !\r\nCordialement,\r\nGeraldine',0,0,1),(199,'','Samirah TSITOHAINA','','','','samirahmaryse@hotmail.fr','','Bonjour,\r\nJe souhaiterai me faire percer les lobes d\'oreille par contre est ce que je peux emmener mes propres boucles d\'oreilles? Elles seront neuves et en argent.',0,0,1),(200,'','Rault Lea','','','','lea.rault@outlook.com','','Bonjour j’aimerais savoir combien coute un piercing au nez et si vous mettez des anneaux ',1,0,1),(201,'','Andouche Laura','','','','laura.andouche.lpdg@gmail.com','','Bonjour, je souhaiterai me faire percer les oreilles (1 deuxième trou à chaque oreille, et un a l’helix) et je souhaiterai savoir si il faut que je prenne rdv. Et vu que j’ai 16ans je dois être accompagné d’un parent? ou juste un mot suffit.\r\n\r\nCordialement bonne journée',0,0,1),(202,'','Thiry Hélène ','','','','helene.thiry@wanadoo.fr','','Bonjour à vous deux.\r\nIl y a un peu plus de 13 ans je me suis fait percé les oreilles en bijouterie et un mois après, un petit kiste s\'est formé au niveau de l\'attache de la boucle, j\'ai donc été obligé de tout enlever. Depuis j\'ai toujours un petit kiste mais qui ne bouge pas. J\'aimerais savoir si il serait possible de me refaire percer les oreilles avec ce kiste ? Merci de votre réponse. Bonne soirée. Hélène. ',0,0,1);
/*!40000 ALTER TABLE `contact` ENABLE KEYS */;
UNLOCK TABLES;

--
-- Table structure for table `contact_categorie`
--

DROP TABLE IF EXISTS `contact_categorie`;
/*!40101 SET @saved_cs_client     = @@character_set_client */;
/*!40101 SET character_set_client = utf8 */;
CREATE TABLE `contact_categorie` (
  `id_contact` int(11) unsigned NOT NULL,
  `id_categorie` int(10) unsigned NOT NULL
) ENGINE=InnoDB DEFAULT CHARSET=utf8;
/*!40101 SET character_set_client = @saved_cs_client */;

--
-- Dumping data for table `contact_categorie`
--

LOCK TABLES `contact_categorie` WRITE;
/*!40000 ALTER TABLE `contact_categorie` DISABLE KEYS */;
/*!40000 ALTER TABLE `contact_categorie` ENABLE KEYS */;
UNLOCK TABLES;

--
-- Table structure for table `divers`
--

DROP TABLE IF EXISTS `divers`;
/*!40101 SET @saved_cs_client     = @@character_set_client */;
/*!40101 SET character_set_client = utf8 */;
CREATE TABLE `divers` (
  `num_divers` int(11) NOT NULL AUTO_INCREMENT,
  `pdf_methode_depilation` varchar(100) NOT NULL,
  `pdf_tarif_soin` varchar(100) NOT NULL,
  PRIMARY KEY (`num_divers`)
) ENGINE=InnoDB AUTO_INCREMENT=2 DEFAULT CHARSET=latin1;
/*!40101 SET character_set_client = @saved_cs_client */;

--
-- Dumping data for table `divers`
--

LOCK TABLES `divers` WRITE;
/*!40000 ALTER TABLE `divers` DISABLE KEYS */;
INSERT INTO `divers` VALUES (1,'epilaction_devis_infos_2016_04_13.pdf','');
/*!40000 ALTER TABLE `divers` ENABLE KEYS */;
UNLOCK TABLES;

--
-- Table structure for table `goldbook`
--

DROP TABLE IF EXISTS `goldbook`;
/*!40101 SET @saved_cs_client     = @@character_set_client */;
/*!40101 SET character_set_client = utf8 */;
CREATE TABLE `goldbook` (
  `id` int(11) NOT NULL AUTO_INCREMENT,
  `date` datetime NOT NULL,
  `nom` varchar(250) DEFAULT NULL,
  `email` varchar(100) DEFAULT NULL,
  `message` text,
  `online` tinyint(4) NOT NULL DEFAULT '0',
  PRIMARY KEY (`id`)
) ENGINE=InnoDB AUTO_INCREMENT=18 DEFAULT CHARSET=utf8;
/*!40101 SET character_set_client = @saved_cs_client */;

--
-- Dumping data for table `goldbook`
--

LOCK TABLES `goldbook` WRITE;
/*!40000 ALTER TABLE `goldbook` DISABLE KEYS */;
INSERT INTO `goldbook` VALUES (2,'2016-06-07 00:00:00','Xavier Gonzalez','fjavi.gonzalez@gmail.com','Prise en charge super. Zéro douleur, super hygiène, très pro je recommande chaudement ! ',1),(3,'2016-06-07 00:00:00','Franck','xavier.gonzalez@free.fr','Un conseil top, très à l\'écoute, très satisfait.',1),(4,'2016-06-08 00:00:00','Constance','constance.cugneau@live.fr','En un seul mot: super! Tout y est l\'accueil agréable, le suivi, les bons conseils, le sourire, la passion visible... J\'adore et je ne vais me percer que la bas, j\'ai entièrement confiance et c\'est toujours mieux de faire un tel acte quand on a confiance et quand on sait qu\'on ne sera pas juger pour nos craintes ou autre. Merci à vous! :D',1),(5,'2016-06-08 00:00:00','Camille','camouille4910@gmail.com','Tres pro , accueillante , salon au top  hygiénique , aucun problème au niveau du perçage , rapide efficace aucune infection ou autre , les prix sont très attractif. ',1),(6,'2016-06-09 00:00:00','Leo','leo.perny@hotmail.fr','Accueil agréable, toujours une dose de sourire de bon conseil, le pressage ce passe très et l\'hygiène est au rendez-vous, un large choix de bijoux, les numéros 1 du piercing à Bordeaux!',1),(7,'2016-07-14 00:00:00','Marion','marion.dusard@laposte.net','Les filles sont super, à l\'écoute et attentive au bien être de celui ou celle qui entre dans son studio. Je ne changerai pour rien au monde!',1),(8,'2016-09-01 00:00:00','Lucie Puygrenier ','lucie.puygrenier@gmail.com','Premier piercing aujourd\'hui. Très à l\'écoute, conseils super,  explication des soins et de tous ses gestes. Je saurais où faire le prochain',1),(9,'2016-10-03 00:00:00','Elise','elise.meirinhos@gmail.com','J\'ai fais le pas vers les piercings il y a un an,  dans ce salon et j\'ai eu une parfaite écoute,  un service exemplaires et j\'ai pu revenir pour des conseils mais aussi pour me faire changer le piercing,  l\'hygiène aussi est parfaite ',1),(10,'2016-10-15 00:00:00','Eva','eva82000@hotmail.fr','Voilà 5 mois que je connais ce fabuleux salon remplit de gentillesse par deux propriétaires topissimes ! Je me suis décidée à faire mon piercing au tragus à Madison Piercing et je me dit que j\'ai bien fait ! J\'ai rarement vu une telle attention et une telle écoute auprès des clients ! Je recommande à tous ceux qui veulent se faire percer d\'aller là-bas ! Les mesures d\'hygiène à suivre à la maison nous sont super bien expliquées avec en plus un rendez vous 1 mois après le perçage pour voir l\'évolution de la cicatrisation ! Bref PARFAITISSIME ',1),(11,'2017-01-06 00:00:00','Laura.','Lauraboisdevesys@yahoo.fr','J\'ai fais ma langue, mon surface a l\'oeil et mon labret centré dans ce salon. Rien à dire! Le percage se passe bien, les filles mettent en confiance et sont à l\'écoute. Elles sont super gentilles! J\'achète aussi mes bijoux la bas. Je recommande ce salon vraiment. ',1),(12,'2017-04-05 00:00:00','aurore','crazyjude@hotmail.fr','J\'ai fait 4 piercings la bas et jamais aucun problèmes, mes filles sont extra toujours le sourire, toujours a l\'écoute. Mon prochain piercing c\'est la langue et bien sur que j\'irai la bas. ',1),(13,'2017-05-31 00:00:00','Andréa','andrea.mayi1198@gmail.com','J\'ai fais mon premier piercing (tragus) ainsi que deux lobes dans ce salon avec les anciens propriétaires et mes deux autres piercing (hélix et conch) avec les nouvelles propriétaires. Je ne vois aucune différence, si ce n\'est le visage de la personne en face de moi. Les bijoux sont magnifiques, le perçage se déroule super bien, l\'hygiène est impeccable, on a pleins de conseils sur l\'entretien du piercing et la suite du processus. Tout simplement j\'adore ! Je vous dis à très bientôt pour un ou plusieurs nouveaux piercing dans pas longtemps ! Merci beaucoup en tout cas ! :)',1),(14,'2017-05-31 00:00:00','Andréa','andrea.mayi1198@gmail.com','J\'ai fais mon premier piercing (tragus) ainsi que deux lobes dans ce salon avec les anciens propriétaires et mes deux autres piercing (hélix et conch) avec les nouvelles propriétaires. Je ne vois aucune différence, si ce n\'est le visage de la personne en face de moi. Les bijoux sont magnifiques, le perçage se déroule super bien, l\'hygiène est impeccable, on a pleins de conseils sur l\'entretien du piercing et la suite du processus. Tout simplement j\'adore ! Je vous dis à très bientôt pour un ou plusieurs nouveaux piercing dans pas longtemps ! Merci beaucoup en tout cas ! :)',1),(15,'2017-08-17 00:00:00','Audrey ','audreyjhk@gmail.com','Souriantes, professionnelles, rassurantes... Vous êtes toutes les 2 au top!!\r\nQue vous dire de plus à part un énorme MERCI pour mon piercing au téton d\'hier que j\'aurai eu depuis bien longtemps si je vous avais rencontré avant. Je suis tellement contente!!!\r\nEncore merci ',1),(16,'2017-11-23 00:00:00','Melissa ','amaranth.century@hotmail.com','Des années que je me fait passee percees chez eux , au top les filles superbe accueil et hygiène parfait ... je vous le conseil  d’y aller les yeux fermer .',1),(17,'2017-12-02 00:00:00','lucie ','bastard.lu@gmail.com','J\'ai fais mon piercing a la langue là-bas, et ça s\'est bien passé, je vais retourner là-bas pour tous mes piercing c\'est sur ! La perceuse était très gentille, elle s\'est même inquiétée et elle m\'a donné de super conseils. C\'était parfait ✨',1);
/*!40000 ALTER TABLE `goldbook` ENABLE KEYS */;
UNLOCK TABLES;

--
-- Table structure for table `media_news`
--

DROP TABLE IF EXISTS `media_news`;
/*!40101 SET @saved_cs_client     = @@character_set_client */;
/*!40101 SET character_set_client = utf8 */;
CREATE TABLE `media_news` (
  `id` int(11) NOT NULL AUTO_INCREMENT,
  `id_news` int(11) NOT NULL,
  `url_media` varchar(250) NOT NULL,
  `url_apercu` varchar(250) NOT NULL,
  `type_media` tinyint(4) NOT NULL DEFAULT '0',
  PRIMARY KEY (`id`,`id_news`)
) ENGINE=InnoDB DEFAULT CHARSET=utf8;
/*!40101 SET character_set_client = @saved_cs_client */;

--
-- Dumping data for table `media_news`
--

LOCK TABLES `media_news` WRITE;
/*!40000 ALTER TABLE `media_news` DISABLE KEYS */;
/*!40000 ALTER TABLE `media_news` ENABLE KEYS */;
UNLOCK TABLES;

--
-- Table structure for table `news`
--

DROP TABLE IF EXISTS `news`;
/*!40101 SET @saved_cs_client     = @@character_set_client */;
/*!40101 SET character_set_client = utf8 */;
CREATE TABLE `news` (
  `id_news` int(11) NOT NULL AUTO_INCREMENT,
  `date_news` datetime NOT NULL,
  `titre` varchar(250) NOT NULL,
  `contenu` text,
  `image1` varchar(250) DEFAULT NULL,
  `online` tinyint(4) NOT NULL DEFAULT '0',
  PRIMARY KEY (`id_news`)
) ENGINE=InnoDB AUTO_INCREMENT=39 DEFAULT CHARSET=utf8;
/*!40101 SET character_set_client = @saved_cs_client */;

--
-- Dumping data for table `news`
--

LOCK TABLES `news` WRITE;
/*!40000 ALTER TABLE `news` DISABLE KEYS */;
INSERT INTO `news` VALUES (32,'2016-04-07 00:00:00','Gamme complete des produits solaire','Longue vie soleil,\r\nUni bronze,\r\nGrand soin après soleil,\r\nSctik indice 50 visage,\r\nSpray protestion corps ','/images_4_-32.jpg',1),(33,'2016-03-31 00:00:00','Baume Nutri Logic douceur et confort pour le corps','Adoucit et réconforte la peau immédiatement,nourrit la peau durablement,protége la peau toute la journée','/568e48fcd199c-33.jpg',1),(34,'2016-03-05 00:00:00','Minceur Rapide','La solution simple rapide et efficace,\r\ndiminution de l\'aspect visible de la cellulite,\r\nAnti -gras bruleur de  graisses\r\nAnti-eau drainage minceur','/1618_66398c-34.png',1),(35,'2016-03-03 00:00:00','Poudre soleil et le Gloss été','Effet bronzé naturellement et le gloss pour apporter le coté glamour \r\n','/10093295_duo_poudre_teint_soleil-.jpg',1),(36,'2016-03-03 00:00:00','Sérum Bioxygene','Hydratation de la peau et  redonne de éclat du teint  pour une peau en pleine forme,défatigue les traits pour un teint frais et reposé\r\nConcentré éclat et vitalité','/1626_db7ff0-36.png',1),(37,'2016-03-01 00:00:00','400 ml PROMO Gommage facile et hydrazone corps','GOMMAGE EXFOLIANT ET LE LAIT HYDRAZONE ','/56c6f2c58fec3-37.jpg',1),(38,'2016-03-04 00:00:00','Hydraderm Energy Cellular','NOUVEL APPAREIL POUR LES SOINS STAR GUINOT','/images_1_-38.jpg',1);
/*!40000 ALTER TABLE `news` ENABLE KEYS */;
UNLOCK TABLES;

--
-- Table structure for table `newsletter`
--

DROP TABLE IF EXISTS `newsletter`;
/*!40101 SET @saved_cs_client     = @@character_set_client */;
/*!40101 SET character_set_client = utf8 */;
CREATE TABLE `newsletter` (
  `id` int(10) unsigned NOT NULL AUTO_INCREMENT,
  `date` datetime DEFAULT NULL,
  `titre` varchar(250) DEFAULT NULL,
  `bas_page` text,
  PRIMARY KEY (`id`)
) ENGINE=InnoDB AUTO_INCREMENT=14 DEFAULT CHARSET=utf8;
/*!40101 SET character_set_client = @saved_cs_client */;

--
-- Dumping data for table `newsletter`
--

LOCK TABLES `newsletter` WRITE;
/*!40000 ALTER TABLE `newsletter` DISABLE KEYS */;
INSERT INTO `newsletter` VALUES (12,'2015-01-01 00:00:00','Les nouveautés espace beauté','Contact@espac.fr'),(13,'2016-03-14 00:00:00','test de soin',' ');
/*!40000 ALTER TABLE `newsletter` ENABLE KEYS */;
UNLOCK TABLES;

--
-- Table structure for table `newsletter_detail`
--

DROP TABLE IF EXISTS `newsletter_detail`;
/*!40101 SET @saved_cs_client     = @@character_set_client */;
/*!40101 SET character_set_client = utf8 */;
CREATE TABLE `newsletter_detail` (
  `id` int(10) unsigned NOT NULL AUTO_INCREMENT,
  `id_newsletter` int(10) unsigned NOT NULL,
  `titre` varchar(250) DEFAULT NULL,
  `url` varchar(250) DEFAULT NULL,
  `link` varchar(250) DEFAULT NULL,
  `texte` text,
  PRIMARY KEY (`id`,`id_newsletter`)
) ENGINE=InnoDB AUTO_INCREMENT=331 DEFAULT CHARSET=utf8;
/*!40101 SET character_set_client = @saved_cs_client */;

--
-- Dumping data for table `newsletter_detail`
--

LOCK TABLES `newsletter_detail` WRITE;
/*!40000 ALTER TABLE `newsletter_detail` DISABLE KEYS */;
INSERT INTO `newsletter_detail` VALUES (329,12,'Soin de la peau Grande Promo','/35e221e3ebd787de0636cac049b9461d-12.jpg','http://espacebeaute.iconeo.es','ce mois ci promotion sur le soin du visage'),(330,13,'Soin de la peau Grande Promo','/5496657cbfcac17aa12617a4ea6154ec-.jpg','http://www.institut-espace-beaute.com/','Le soleil arrive ');
/*!40000 ALTER TABLE `newsletter_detail` ENABLE KEYS */;
UNLOCK TABLES;

--
-- Table structure for table `photo`
--

DROP TABLE IF EXISTS `photo`;
/*!40101 SET @saved_cs_client     = @@character_set_client */;
/*!40101 SET character_set_client = utf8 */;
CREATE TABLE `photo` (
  `id` int(11) NOT NULL AUTO_INCREMENT,
  `id_categorie` int(11) NOT NULL,
  `titre` varchar(50) NOT NULL,
  `legende` text NOT NULL,
  `image` varchar(50) NOT NULL,
  PRIMARY KEY (`id`)
) ENGINE=InnoDB AUTO_INCREMENT=215 DEFAULT CHARSET=utf8;
/*!40101 SET character_set_client = @saved_cs_client */;

--
-- Dumping data for table `photo`
--

LOCK TABLES `photo` WRITE;
/*!40000 ALTER TABLE `photo` DISABLE KEYS */;
INSERT INTO `photo` VALUES (19,2,'daith ( cartilage interne ) ','anneau gris','/1-.jpg'),(20,2,'surface de tragus','','/10003941_1045338828819667_300572-.jpg'),(21,2,'septum','circular gris','/1011583_1045339365486280_8237458-.jpg'),(22,2,'arcade horizontale','barbell courbe noire ','/11232271_1045338842152999_264295-.jpg'),(23,2,'surface de tragus','','/11838730_1045710172115866_207398-.jpg'),(24,2,'téton','barbell grise','/12063554_1045339238819626_878481-.jpg'),(25,2,'arcade verticale ','barbell courbe grise','/12079307_1045339345486282_727561-.jpg'),(26,2,'oeil de chat','barbell courbe grise','/12088390_1045339042152979_277717-.jpg'),(27,2,'double nez','stud brillant blanc','/12096229_1045339028819647_345104-.jpg'),(28,2,'microdermal poitriine','brillant blanc ','/12106908_1045339285486288_329662-.jpg'),(29,2,'téton','barbell grise','/12107196_1045338968819653_572853-.jpg'),(30,2,'double tragus','barbell grise','/12107791_1045338898819660_573970-.jpg'),(31,2,'duo d\'arcade ','barbell courbe noire ','/12107915_1045339262152957_745958-.jpg'),(32,2,'symétrie lèvre excentrée','bille noire','/12108228_1045339305486286_269001-.jpg'),(33,2,'arcade verticale ','barbell courbe verte','/12109209_1045338882152995_226176-.jpg'),(34,2,'nombril inversé','banane grise ','/12112029_1045338955486321_791149-.jpg'),(36,2,'surface lèvre centrée','barbell courbe noire ','/12115525_1045339135486303_704513-.jpg'),(37,2,'téton','barbell grise','/12115680_1045338902152993_131231-.jpg'),(38,2,'téton','barbell grise','/12115971_1045339062152977_864892-.jpg'),(39,2,'lèvre excentrée','circular gris','/12118608_1045339185486298_180501-.jpg'),(40,2,'septum','circular gris','/12118860_1045338998819650_850463-.jpg'),(41,2,'tragus','barbell grise','/12118892_1045339142152969_553387-.jpg'),(43,2,'nombril','banane noire','/12118989_1045338562153027_509579-.jpg'),(44,2,'Hélix - Anti Helix -Tragus','anneau gris - barbell grise','/12119195_1045338505486366_344911-.jpg'),(45,2,'septum','circular gris','/12119195_1045339342152949_906905-.jpg'),(46,2,'microdermal arrière oreille','brillant blanc ','/12122452_1045338832153000_227215-.jpg'),(47,2,'lobe & hélix','barbell grise','/12122554_1045339192152964_502184-.jpg'),(48,2,'rook','barbell courbe grise','/12187904_1054694261217457_302543-.jpg'),(49,2,'lèvre excentrée & troisième trou au lobe ','bille grise & anneau gris','/12208712_1054694394550777_492558-.jpg'),(50,2,'nombril','banane double brillant blanc','/12219414_1054694304550786_222470-.jpg'),(51,2,'surface de tragus','bille grise  ','/12227752_1054694467884103_741682-.jpg'),(53,2,'septum ','circular gris','/12322957_1067460023274214_525947-.jpg'),(55,2,'medusa','bille grise  ','/12465764_1079465635406986_705702-.jpg'),(56,2,'microdermal avant bras','disc doré brillant blanc','/12557728_754174158049074_9283620-.jpg'),(57,2,'symétrie téton','barbell grise','/12747988_1109106439109572_210780-57.jpg'),(58,2,'septum ','piercing cicatrisé - bijoux multi brillant','/12768128_1111393178880898_106432-.jpg'),(59,2,'double anti hélix','anneau gris','/4_2_-.jpg'),(60,5,'bridge','bille grise  ','/10308278_1079465358740347_506235-.jpg'),(61,5,'snug ','barbell courbe grise','/10376938_1045337948819755_209544-.jpg'),(62,5,'nuque','','/10407733_1045337902153093_412595-.jpg'),(63,5,'conch (fond d\'oreille)','barbell grise','/10425043_1045338192153064_807685-.jpg'),(64,5,'microdermal sternum','brillant blanc ','/10636619_1079465362073680_454520-.jpg'),(65,5,'nuque','piercing cicatrisé - bijoux epoxy','/11016955_1049447598408790_879384-.jpg'),(66,5,'double hélix','billes brillant blanc','/11047921_1045338272153056_579236-.jpg'),(67,5,'duo surface nombril','barbell courbe grise','/11224415_1045338252153058_291240-.jpg'),(68,5,'septum','circular gris','/11224421_1061314653888751_380418-.jpg'),(69,5,'surface poignet','bille grise  ','/11225230_1045337975486419_881107-.jpg'),(70,5,'duo lèvre excentrée','bille noire','/11225297_1045338058819744_515949-.jpg'),(71,5,'symétrie téton','barbell grise','/12063554_1045338378819712_839068-.jpg'),(72,5,'anti tragus','barbell courbe grise','/12096084_1045338522153031_257800-.jpg'),(73,5,'traversée - conch - tragus','barbell grise - anneau gris','/12096229_1045338438819706_136630-.jpg'),(74,5,'microdermal poitriine','disc noir','/12105753_1045338115486405_681264-.jpg'),(75,5,'microdermal sternum','disc gris','/12105890_1045338312153052_188210-.jpg'),(76,5,'nombril inversé','banane simple brillant','/12108159_1045338042153079_854873-.jpg'),(77,5,'téton','barbell grise','/12108214_1045337908819759_457443-77.jpg'),(78,5,'tragus gros diamètre','tunnel gris 2,5mm','/12108237_1045338145486402_725653-.jpg'),(79,5,'nuque','bille grise  ','/12108788_1045338205486396_516745-.jpg'),(80,5,'septum','circular gris','/12111947_1045338358819714_875517-.jpg'),(81,5,'anti helix','anneau noir','/12115572_1045338555486361_172577-.jpg'),(82,5,'nombril ','banane double brillant blanc','/12115984_1045338035486413_733642-.jpg'),(83,5,'lobe transversal','barbell courbe grise','/12118609_1045338075486409_259960-.jpg'),(84,5,'nuque','bille grise  ','/12118920_1045338112153072_484486-.jpg'),(85,5,'surface lèvre centrée','barbell courbe grise','/12140559_1045338442153039_290762-85.jpg'),(86,5,'microdermal pommette ','disc gris','/12143109_1045338508819699_161746-.jpg'),(87,5,'lobes stretchés','','/12143143_1045338335486383_750584-.jpg'),(88,5,'duo nombril & nombril inversé','banane double brillant blanc','/12144941_1045337998819750_773733-.jpg'),(89,5,'hélix ','barbell grise','/12182803_1049447608408789_177301-.jpg'),(90,5,'arcade horizontale','barbell courbe grise','/12191765_1049447605075456_218133-.jpg'),(91,5,'symétrie lèvre excentrée','bille grise  ','/12241304_1058565927496957_372430-.jpg'),(92,5,'hélix ','anneau noir','/12278963_1058563120830571_109265-.jpg'),(93,5,'medusa','bille noire','/12443442_777707415695748_4434357-.jpg'),(94,5,'septum','anneau clicker gris','/12606877_757297491070074_2112079-.jpg'),(95,5,'anti helix','anneau gris','/12630941_757383157728174_3080820-.jpg'),(96,5,'surface de tragus','bille grise  ','/12801274_1118394488180767_752137-.jpg'),(97,5,'duo surface nombril','barbell courbe grise','/12928295_1133929149960634_915902-.jpg'),(98,5,'medusa & septum','bille noire & circular gris','/12065503_1045338465486370_118971-.jpg'),(99,2,'double hélix','anneau noir','/11949405_116179722067998_2510975-.jpg'),(100,6,'banane acier playboy','','/12414424_740308842768939_1400503-.jpg'),(101,6,'faux bijou hélix motif fleur','','/12434177_740866969379793_1742513-.jpg'),(102,6,'plume acier / tragus','','/12465074_745808762218947_1124272-.jpg'),(103,6,'anneau acier brillant plat blanc','','/12483078_745808905552266_1680205-.jpg'),(104,6,'bijou multi strass porté sur hélix','','/13096292_1149910265029189_133114-.jpg'),(105,6,'banane acier doré éléphant','','/13217065_1163706006982948_150958-.jpg'),(106,6,'bijou pendant porté sur un hélix','','/13239298_1168642079822674_632226-.jpg'),(107,6,'bijou ethnique porté sur Septum','','/13248373_1166235433396672_345943-.jpg'),(108,6,'bijou fleur mult brillant porté sur un anti-hélix','','/20151215_171142-.jpg'),(109,6,'anneau acier doré ','','/anneau_nez_disque_dor_-.jpg'),(110,6,'banane acier hibou','','/bij_hibou-.jpg'),(111,6,'bijou multi strass porté sur un tragus','','/bjx-.jpg'),(112,6,'embout doré brillant blanc porté sur microdermal s','','/Embout_Dermal_contour_dor_stra-.jpg'),(114,6,'plug ethnique turquoise ','','/WP_20151219_18_31_25_Pro_2_-.jpg'),(116,6,'bijou fantaisie hélix','','/bjx_helix-.jpg'),(117,6,'Bijou nez en or 18 carats, goutte avec brillant','','/13401233_827627160703773_1908428-.jpg'),(119,6,'banane fleur bijou nombril','','/bjx_nombrl_fleur-.jpg'),(120,5,'Septum fer à cheval','circular gris','/13436001_829884820478007_1955813-.jpg'),(121,2,'Nez avec bille dorée','','/nez_gba-.jpg'),(122,2,'Rook','barbell courbe grise','/13392976_827602957372860_3471797-.jpg'),(123,6,'Bijou nombril \"Playboy\" doré','','/13453748_831458870320602_8615141-.jpg'),(124,5,'Snug cicatrisé ','','/snug_retouche-.jpg'),(125,5,'Septum fer à cheval','','/13451088_831459226987233_1685805-.jpg'),(126,6,'Bijou nombril ','banane goutte bleue','/13514319_837176853082137_8924645-126.jpg'),(127,6,'Bijou langue','Barbell et billes plastique','/13434103_10154262990738415_17359-.jpg'),(128,5,'Traversée (industriel) avec deux petites barres','Petites barbells grises','/13624490_842268825906273_1288006-.jpg'),(129,6,'Bijou tragus ','Plume dorée','/13624786_842822429184246_9814895-.jpg'),(130,5,'Surface hanche','Barre surface billes grises','/13644178_845708068895682_2133707-.jpg'),(131,6,'Bijou tragus','brillant blanc et contour fantaisie','/13649466_845707858895703_1832288-.jpg'),(132,6,'Anneau hélix','Anneau titane doré','/13664385_845707602229062_1480515-.jpg'),(133,5,'Surface sous le nombril','surface billes grises','/13624485_845708392228983_1347167-.jpg'),(134,2,'Medusa','BIlle noire','/13706216_848073425325813_1923409-.jpg'),(135,6,'Bijou Hélix ','Triple brillants ','/13624919_842822815850874_1192856-.jpg'),(136,5,'Surface Tragus','Flatbar','/13883759_854789617987527_1108417-.jpg'),(137,6,'Anneau Nez','Anneau Or 18 carats ','/13883818_854663678000121_1297047-.jpg'),(138,6,'Bijou nombril','Banane doré avec pierres','/13900866_858045780995244_5335963-.jpg'),(140,6,'Bijou nombril','Banane doré opale synthétique','/13957379_861328470666975_1204171-.jpg'),(141,2,'Smiley','circular gris','/13988652_861327577333731_1224282-.jpg'),(142,6,'Anneau pour tragus','Titane doré','/13989436_864930820306740_1532083-.jpg'),(145,5,'Lobe \"supérieur\" (petite bille au-dessus du premie','bille noire','/14089640_869071369892685_7645026-.jpg'),(149,5,'Septum freehand','Fer à cheval gris.','/14101871_871304243002731_2107491-.jpg'),(151,6,'Bijou nombril','Couronne dorée','/14348910_883941198405702_1979614-.jpg'),(153,2,'Anti hélix','bille grise  ','/14159865_870895296376959_2008207-.jpg'),(156,6,'Barre pour tragus et cartilages','Opale synthétique bleue','/14650339_1269597256393822_807806-.jpg'),(159,6,'Bijou septum','Clicker style ethnique','/14915362_1293438180676396_150444-.jpg'),(160,6,'Bijou septum','Clicker anneau torsadé gris',''),(161,5,'Double narine','Double narine billes grises','/14907108_1292657980754416_458147-.jpg'),(162,5,'Bridge vertical \"troisième oeil\"','Flatbar disques gris.','/14643044_899354650197690_1903752-.jpg'),(163,2,'Medusa','Bille grise placement bas pour un futur anneau.','/14516490_1258313560855525_845215-.jpg'),(164,5,'Double lobe','Double anneaux gris','/14642655_899231286876693_4000985-.jpg'),(167,5,'Daith','anneau gris','/15078605_1303688792984668_767601-.jpg'),(168,5,'Rook','Anneau doré','/14694696_899230153543473_2028853-.jpg'),(169,2,'Tragus ','Anneau doré','/15327436_1332311480122399_208163-.jpg'),(171,2,'septum','Fer à cheval gris.','/15676021_1348791618474385_450372-.jpg'),(172,6,'Bijou tragus (convient aussi à l\'hélix)','Hippocampe','/15621661_1349868171700063_847780-.jpg'),(174,5,'Hélix','Fer à cheval gris.','/14686447_899363333530155_9252875-.jpg'),(175,6,'septum','Rangée de strass pour premier changement ','/15723918_950376958428792_1540356-.jpg'),(176,6,'septum','Bijou doré ','/septum2-.jpg'),(177,6,'Septum','Bijoux gris avec strass','/spetum1-.jpg'),(178,6,'Duo perçage plus changement bijou sur hélix','Anneaux dorés ','/photo_site-.jpg'),(180,5,'Hélix','anneau gris','/15878698_957117394421415_1384739-.jpg'),(181,6,'Hélix','Bijou ornemental doré ','/nos_bjx-.jpg'),(182,2,'Traversée (industriel) avec deux petites barres','','/photo_site-.jpg'),(183,2,'Tragus ','Bille grise brillant blanc','/15940690_1363722443647969_724436-.jpg'),(184,2,'Fond d\'oreille','anneau gris après cicatrisation','/conch-.jpg'),(185,5,'conch (fond d\'oreille)','Barre grise','/16559003_979628632170291_1974430-.jpg'),(186,2,'Deuxième lobe ','anneau gris','/lobe-.jpg'),(187,2,'Hélix','anneau avec bille gris','/h_lix-.jpg'),(188,5,'Symétrie flat (surfaces) cicatrisée','Disques gris','/16934119_989936821139472_1875521-.jpg'),(189,5,'Smiley','Anneau gris','/17105689_994917150641439_1034986-.jpg'),(190,5,'Double nostril','Billes grises','/17274984_1002412939891860_353064-.jpg'),(191,6,'Clicker septum','Bijou plat doré','/17392887_1006783439454810_790669-.jpg'),(192,2,'Hélix','Anneau gris','/17425163_1434789043207975_456224-.jpg'),(193,5,'Symétrie lèvre ','Billes noires','/17410150_1006993942767093_207006-.jpg'),(194,2,'Hélix','Anneau doré','/photo_site_dor_-.jpg'),(195,5,'septum','Anneau gris','/17618916_1012199945579826_263427-.jpg'),(196,5,'Industriels cicatrisés.','Changement bijoux, barre noire et gris titane.','/18155443_1030886907044463_210186-.jpg'),(197,2,'Hélix ','Anneau gris segment','/photo_site-.jpg'),(198,5,'Daith anneau gris','','/17467690_1006994262767061_149717-.jpg'),(199,2,'Tragus','Bille brillant blanc','/copie-.jpg'),(200,5,'Symétrie tétons biais','barres grises','/18386764_1039613642838456_214659-.jpg'),(201,5,'Double lobe','Anneaux gris','/18515935_1043803052419515_810884-.jpg'),(202,5,'Septum freehand','Fer à cheval gris.','/18623062_1045687385564415_130405-.jpg'),(204,5,'Septum freehand  (Labret cicatrisé)','Fer à cheval gris.','/18718226_1048413091958511_448735-.jpg'),(205,5,'surface de tragus','Barre surface billes grises','/18816347_1051689408297546_138024-.jpg'),(206,2,'septum','Fer à cheval gris.','/19247767_683329465200266_1113014-.jpg'),(207,5,'Nez ','brillant blanc ','/19970825_1080978738701946_213237-.jpg'),(208,2,'Nez ','bille grise  ','/19987569_1415550258521313_553727-.jpg'),(209,2,'surface de tragus','Billes grises','/19989053_1415550198521319_101563-.jpg'),(210,5,'Rook','Barre grise ','/21443149_1114641678668985_555356-.jpg'),(211,5,'Paire microdermals (celui du bas n\'est pas de moi)','Disuqes gris','/21621928_1119270811539405_782992-.jpg'),(212,2,'Tragus ','Anneau doré','/20030816_1415550651854607_195120-.jpg'),(213,5,'Surface poitrine','Barre surface billes grises','/21362928_1114641772002309_183566-.jpg'),(214,5,'Lobe orbital','anneau gris','/22236561_1129332793866540_196727-.jpg');
/*!40000 ALTER TABLE `photo` ENABLE KEYS */;
UNLOCK TABLES;

--
-- Table structure for table `photo_categorie`
--

DROP TABLE IF EXISTS `photo_categorie`;
/*!40101 SET @saved_cs_client     = @@character_set_client */;
/*!40101 SET character_set_client = utf8 */;
CREATE TABLE `photo_categorie` (
  `id` int(11) NOT NULL AUTO_INCREMENT,
  `titre` varchar(50) NOT NULL,
  PRIMARY KEY (`id`)
) ENGINE=InnoDB AUTO_INCREMENT=7 DEFAULT CHARSET=utf8;
/*!40101 SET character_set_client = @saved_cs_client */;

--
-- Dumping data for table `photo_categorie`
--

LOCK TABLES `photo_categorie` WRITE;
/*!40000 ALTER TABLE `photo_categorie` DISABLE KEYS */;
INSERT INTO `photo_categorie` VALUES (2,'piercing by Delphine'),(5,'piercing by Anne-Laure'),(6,'Nos bijoux sur vous ');
/*!40000 ALTER TABLE `photo_categorie` ENABLE KEYS */;
UNLOCK TABLES;
/*!40103 SET TIME_ZONE=@OLD_TIME_ZONE */;

/*!40101 SET SQL_MODE=@OLD_SQL_MODE */;
/*!40014 SET FOREIGN_KEY_CHECKS=@OLD_FOREIGN_KEY_CHECKS */;
/*!40014 SET UNIQUE_CHECKS=@OLD_UNIQUE_CHECKS */;
/*!40101 SET CHARACTER_SET_CLIENT=@OLD_CHARACTER_SET_CLIENT */;
/*!40101 SET CHARACTER_SET_RESULTS=@OLD_CHARACTER_SET_RESULTS */;
/*!40101 SET COLLATION_CONNECTION=@OLD_COLLATION_CONNECTION */;
/*!40111 SET SQL_NOTES=@OLD_SQL_NOTES */;

-- Dump completed on 2017-12-30 11:59:49
